Ticker,Beta,ATR,SMA20,SMA50,SMA200,52W High,52W Low,RSI,Price,from Open,Gap
A,1.02,2.82,-0.0132,0.0258,0.218,-0.047599999999999996,1.015,52.12,123.18,-0.010700000000000001,0.0034999999999999996
AAON,0.64,2.39,0.0691,0.145,0.3043,0.0017000000000000001,0.9179,74.91,77.64,-0.0008,0.0108
AAPL,1.27,3.89,0.0202,0.0603,0.2607,-0.0574,1.5730000000000002,55.49,136.76,-0.0043,-0.0003
AB,1.45,1.06,0.0653,0.12560000000000002,0.32130000000000003,0.0108,1.9056,67.52,38.47,0.0013,0.0148
ABBV,0.8,2.59,0.004699999999999999,0.0232,0.1386,-0.041299999999999996,0.7383,55.4,108.73,-0.008199999999999999,0.0101
ABC,0.5,3.47,0.027200000000000002,0.0698,0.10869999999999999,-0.028300000000000002,0.5222,58.78,109.69,-0.022400000000000003,0.0025
ABR,1.86,0.42,0.0667,0.0895,0.38280000000000003,-0.001,3.3644,66.47,15.45,-0.0032,0.0078000000000000005
ABST,,0.49,0.047599999999999996,0.1589,0.2777,-0.0151,1.8041,63.8,13.74,-0.0058,0.008
ABT,0.75,3.03,0.0796,0.1198,0.2071,-0.0063,1.0131000000000001,72.39,124.03,0.029900000000000003,0.0058
ACA,,1.96,0.0139,0.0809,0.318,-0.0403,1.1865999999999999,59.08,61.53,-0.0039000000000000003,0.013999999999999999
ACCD,,3.73,0.0239,0.0392,0.2927,-0.1833,0.8581,54.06,53.29,-0.019,0.0236
ACI,,0.89,-0.0311,0.0279,0.10830000000000001,-0.179,0.3114,48.29,16.93,0.0095,0.0036
ACIA,0.75,1.77,0.0817,0.3504,0.5905,-0.0003,0.8934000000000001,94.82,114.78,0.0005,-0.0009
ACLS,1.46,1.9,0.022400000000000003,0.1684,0.3774,-0.09880000000000001,1.8406,56.58,36.9,-0.0215,0.0102
ACMR,,6.56,-0.0007000000000000001,0.1412,0.2878,-0.1373,5.1586,56.08,98.23,-0.0068000000000000005,-0.0012
ACRS,1.08,1.88,0.40840000000000004,1.3422,4.2207,-0.1446,28.6714,77.67,20.77,-0.034,-0.0028000000000000004
ACTG,0.75,0.52,0.2988,0.5895,0.9089,-0.07139999999999999,3.0857,76.75,7.15,-0.0441,0.024700000000000003
ADBE,0.96,11.64,0.0434,0.024,0.0889,-0.0834,0.9289000000000001,58.71,492.12,0.0024,0.0031
ADI,1.32,4.01,-0.0388,0.0079,0.1861,-0.0872,0.8813,46.56,148.76,-0.0195,0.008
ADSK,1.35,8.86,0.015,0.042800000000000005,0.2447,-0.047599999999999996,1.4394999999999998,56.56,305.86,0.0132,0.0046
ADTN,1.46,0.85,-0.044000000000000004,0.0519,0.31579999999999997,-0.1268,2.3562,46.54,16.11,-0.0484,0.052199999999999996
AEYE,2.23,2.11,0.19579999999999997,0.3036,0.8762000000000001,-0.0074,14.2577,69.28,29.6,-0.013300000000000001,0.0118
AFYA,,1.17,0.04769999999999999,0.0127,0.0296,-0.1678,0.7775,57.68,24.85,0.0446,0.0008
AGCO,1.29,4.09,0.049100000000000005,0.1527,0.5682,-0.041299999999999996,2.3878,63.31,119.69,-0.019299999999999998,0.0078000000000000005
AGIO,1.65,2.2,0.11410000000000001,0.20550000000000002,0.2061,-0.0688,0.9025,68.67,52.84,0.0373,0.0089
AGNC,0.99,0.25,0.0301,0.0438,0.1547,-0.1705,1.608,64.95,16.3,0.0049,0.0031
AGO,1.12,1.2,0.011000000000000001,0.1159,0.3786,-0.2268,1.7588,61.33,37.63,-0.0042,0.0137
AGRO,1.24,0.26,0.050300000000000004,0.1724,0.5558,-0.037599999999999995,1.4381,69.62,8.07,0.0062,0.0063
AKAM,0.4,3.24,0.0521,0.0781,0.0795,-0.08199999999999999,0.5253,61.07,114.67,0.0168,0.0059
AKTS,1.66,1.34,0.23079999999999998,0.5506,1.0472,-0.0298,3.9414999999999996,73.35,18.58,0.014199999999999999,0.0161
ALBO,1.5,1.81,0.11789999999999999,0.09759999999999999,0.331,-0.1439,2.7256,66.1,41.95,-0.024399999999999998,0.0118
ALG,0.99,4.44,-0.0089,0.0365,0.263,-0.0489,1.0720999999999998,52.34,147.1,-0.0128,0.0038
ALGM,,2.35,-0.0338,0.077,0.1435,-0.129,0.7992,51.12,30.19,-0.0121,-0.0347
ALGN,1.71,24.41,0.1261,0.1741,0.7087,-0.022099999999999998,3.8518,68.79,620.45,-0.0026,0.0113
ALLT,,0.79,0.0013,0.17190000000000003,0.2746,-0.0951,1.1429,57.63,13.8,0.018500000000000003,0.0067
ALNY,1.34,8.34,0.0294,0.1548,0.1773,-0.0745,0.9431999999999999,59.36,165.11,0.042199999999999994,0.0032
ALRM,1.15,3.9,0.0318,0.11460000000000001,0.5161,-0.0603,2.1913,60.77,102.12,0.049400000000000006,0.010700000000000001
ALTG,,0.42,0.024300000000000002,0.0775,0.2796,-0.0495,1.8858000000000001,59.85,10.36,0.0319,0.009000000000000001
ALTM,3.97,2.74,0.1042,0.17170000000000002,1.4374,-0.0044,4.8255,67.75,54.76,-0.0009,0.0165
ALTR,,2.15,0.0766,0.12240000000000001,0.4465,0.0067,1.8056,65.66,64.64,0.0015,0.015700000000000002
ALXN,1.25,2.27,-0.0194,0.049699999999999994,0.2791,-0.053399999999999996,1.1181,49.47,153.92,-0.0078000000000000005,-0.003
AMAT,1.48,4.18,-0.0148,0.0872,0.46869999999999995,-0.0917,1.7486000000000002,52.93,100.71,-0.042300000000000004,0.018600000000000002
AMED,0.73,10.09,0.0042,0.0641,0.2749,-0.0809,1.2477,55.86,298.83,0.0003,0.0085
AMKR,1.68,0.78,0.0308,0.1189,0.38049999999999995,-0.063,2.3056,58.97,17.85,0.0235,0.0169
AMRC,0.47,3.41,0.1085,0.2535,0.8475,0.0104,3.8782,65.37,65.27,0.02,0.018500000000000003
AMRX,1.26,0.24,0.0677,0.1411,0.1764,-0.0647,1.1667,65.0,5.2,0.0058,0.015700000000000002
AMSC,1.27,2.51,-0.08039999999999999,0.0471,0.7646999999999999,-0.2237,4.6068,47.91,24.67,0.024900000000000002,0.0397
AMWL,,2.76,0.10619999999999999,0.2011,0.203,-0.1984,0.6434000000000001,57.15,35.07,-0.010700000000000001,0.013999999999999999
AMYT,,0.46,0.0297,0.0483,0.1338,-0.0955,0.7746999999999999,59.21,14.02,-0.0161,0.014199999999999999
AMZN,1.15,83.94,0.0374,0.045700000000000005,0.1131,-0.056299999999999996,1.0615999999999999,58.89,3352.15,0.0088,-0.0025
ANSS,1.23,10.27,0.028300000000000002,0.0692,0.19920000000000002,-0.0033,0.8967,58.37,379.48,-0.0006,0.0060999999999999995
AOSL,2.6,2.34,0.12179999999999999,0.25120000000000003,1.0403,-0.041100000000000005,4.7698,65.21,33.58,-0.1033,0.078
APAM,1.88,2.2,0.024,0.0653,0.34950000000000003,-0.0362,2.0102,56.03,53.25,0.017,0.0
APHA,,1.16,0.35609999999999997,0.7547,1.8666,-0.047400000000000005,7.5487,78.3,16.67,-0.0048,0.0189
API,,7.75,0.8711,1.1558,1.1948,0.053200000000000004,1.9464,87.72,99.0,0.1355,-0.0111
APO,1.6,1.64,0.0601,0.0673,0.0894,-0.0848,1.6048,60.53,50.69,-0.01,0.0049
APPN,1.99,19.46,0.2052,0.36200000000000004,1.6081999999999999,-0.1295,6.7860000000000005,63.66,226.34,0.0148,0.0012
APPS,2.43,6.22,0.46399999999999997,0.6581999999999999,2.0717,0.0467,24.3103,75.15,88.08,0.1437,-0.0023
ARE,0.76,3.59,0.0226,0.011200000000000002,0.049400000000000006,-0.045,0.5721,55.4,171.7,-0.0017000000000000001,0.005699999999999999
ARGX,,14.94,0.2303,0.2565,0.5104,0.0006,2.576,73.94,371.01,0.0014000000000000002,0.038900000000000004
ARTNA,0.06,0.99,0.0236,0.0416,0.102,-0.037200000000000004,0.3299,56.54,39.91,-0.0163,-0.0105
ASA,,0.76,0.0075,0.014499999999999999,0.08380000000000001,-0.1493,1.6532,51.76,21.65,0.015,0.0147
ASAN,,1.8,0.0722,0.23879999999999998,0.387,-0.0259,0.8998999999999999,68.17,39.08,0.0021,0.009300000000000001
ASML,1.09,14.97,0.025,0.11689999999999999,0.39840000000000003,-0.0366,1.8903999999999999,58.77,552.81,-0.0039000000000000003,-0.0009
ASO,,1.63,0.0729,0.20170000000000002,0.345,-0.1041,0.9851000000000001,62.56,23.92,0.0004,-0.0008
ATCO,1.14,0.4,0.081,0.1035,0.36369999999999997,-0.0346,1.2727,65.41,12.25,0.0,0.0049
ATEC,1.8,0.79,0.1041,0.20149999999999998,1.0018,-0.0019,6.2922,65.64,15.97,0.0323,0.0171
ATEN,0.93,0.52,0.0709,0.1417,0.36200000000000004,-0.0329,2.0845,60.72,10.58,-0.0364,0.011000000000000001
ATGE,1.28,1.67,0.04019999999999999,0.15689999999999998,0.24420000000000003,-0.0992,0.9990000000000001,64.16,39.5,-0.013500000000000002,0.0126
ATHM,0.65,7.02,0.1732,0.2619,0.4227,-0.1182,1.1871,69.89,130.22,0.0173,-0.0002
ATLC,0.97,2.07,0.1655,0.3147,1.0143,-0.004,4.976,67.74,29.88,-0.0073,0.009399999999999999
ATNX,0.91,0.73,0.1274,0.1379,0.1718,-0.1066,1.4867,62.69,14.0,0.0256,0.0052
ATR,0.64,2.92,0.0222,0.051399999999999994,0.1787,-0.004699999999999999,0.7618,60.26,140.66,0.0086,0.0106
ATVI,0.67,2.8,0.1072,0.1573,0.2693,0.0599,1.0117,71.92,101.61,0.0109,0.08449999999999999
AVAV,0.49,6.32,0.053399999999999996,0.23989999999999997,0.5575,-0.1464,1.726,61.71,122.67,0.0034000000000000002,0.0048
AVGO,1.05,11.78,0.0196,0.0762,0.3144,-0.026099999999999998,1.9936,58.67,466.01,-0.0175,0.0079
AVLR,,7.83,0.08310000000000001,0.0397,0.2663,-0.0673,2.0991,59.15,172.0,0.0203,0.0074
AVNS,1.0,1.41,0.0161,0.0345,0.3268,-0.040999999999999995,1.464,58.65,47.95,0.0042,0.011000000000000001
AVNT,1.64,1.57,-0.026600000000000002,0.0166,0.3482,-0.1166,3.7173000000000003,50.58,40.97,-0.0022,0.018600000000000002
AVNW,2.1,4.3,0.45990000000000003,0.5023,1.3554,0.0165,6.7134,77.36,54.75,0.18739999999999998,0.0083
AVTR,,1.04,0.006,0.061799999999999994,0.32780000000000004,-0.0365,3.4869,55.39,29.86,0.0078000000000000005,-0.0007000000000000001
AWK,0.23,3.62,0.0336,0.0684,0.151,-0.0438,0.7936,65.42,165.01,0.0097,-0.0036
AX,1.77,1.5,0.0637,0.1502,0.6087,0.0108,2.2115,66.71,43.95,0.0155,0.0037
AXGN,0.71,0.93,0.0546,0.136,0.544,-0.049,1.7668000000000001,62.25,19.81,0.0264,0.0121
AXON,0.54,7.55,0.12960000000000002,0.2869,0.7281,-0.0194,2.54,74.12,177.18,0.0067,0.0038
AXTI,2.36,0.68,-0.0143,0.0711,0.667,-0.11230000000000001,5.0703,52.85,11.23,-0.0277,0.0087
AZEK,,1.47,0.0344,0.1017,0.18230000000000002,-0.024900000000000002,0.6054999999999999,61.14,42.3,0.0070999999999999995,-0.0031
AZO,0.88,30.65,0.0038,0.0298,0.0556,-0.0596,0.7818999999999999,55.05,1220.43,-0.008199999999999999,0.0083
AZRE,0.84,3.17,-0.0783,0.022000000000000002,0.535,-0.24719999999999998,2.3653,48.19,40.35,0.0489,0.0124
BABA,0.91,8.94,0.057300000000000004,0.04650000000000001,0.0487,-0.168,0.5632,56.7,265.67,0.0063,-0.0111
BANC,1.93,0.74,0.0276,0.141,0.4744,-0.0702,1.7981,61.24,18.02,-0.016399999999999998,0.0127
BBY,1.52,3.3,0.0231,0.06269999999999999,0.1375,-0.083,1.3808,59.88,114.53,0.0029,0.0032
BC,1.89,3.35,0.018600000000000002,0.0992,0.3525,-0.0495,2.5547,60.38,89.65,-0.0039000000000000003,0.012
BCC,2.09,1.81,-0.0001,0.044199999999999996,0.2271,-0.0623,1.5819999999999999,52.76,50.0,-0.018500000000000003,0.0141
BCPC,0.51,3.8,-0.025699999999999997,0.0159,0.13849999999999998,-0.1278,0.47590000000000005,50.87,115.56,0.0097,0.0076
BCRX,2.93,0.9,0.0886,0.2646,0.9129999999999999,-0.24109999999999998,5.1962,57.94,9.79,0.0166,-0.0021
BCYC,,2.39,0.1832,0.3796,0.633,-0.0833,1.9483000000000001,73.78,30.25,0.0131,-0.001
BEN,1.27,0.88,-0.0229,0.0368,0.19210000000000002,-0.0955,0.7343999999999999,49.57,25.86,0.0004,0.0066
BEPC,,2.38,-0.023399999999999997,0.031,0.2707,-0.1076,1.1009,50.44,56.5,0.044000000000000004,-0.0013
BFST,,0.79,0.0168,0.0416,0.3188,-0.1918,1.3478999999999999,56.07,21.53,0.0141,0.0033
BGFV,2.79,1.06,0.2207,0.40399999999999997,1.4122999999999999,0.0274,22.6154,78.83,15.35,0.0233,0.009399999999999999
BGNE,0.89,16.84,0.11359999999999999,0.31420000000000003,0.5393,-0.027000000000000003,2.137,67.52,371.89,0.0006,0.0004
BILI,,9.43,0.12119999999999999,0.4459,1.5202,-0.0756,6.2197000000000005,67.19,138.98,-0.0282,0.0032
BILL,,10.45,0.4191,0.3943,0.8573999999999999,0.1991,6.8225,76.17,184.69,0.11259999999999999,0.1868
BIO,0.79,18.41,0.0361,0.0664,0.17620000000000002,-0.0492,0.9926,59.46,616.48,0.0129,0.006
BIP,0.82,1.19,0.0287,0.0516,0.18100000000000002,-0.0101,1.3472,62.2,53.95,-0.0101,0.006999999999999999
BKE,1.22,1.9,0.14550000000000002,0.2869,0.9134,-0.0464,2.66,71.26,40.39,-0.0223,0.0070999999999999995
BL,0.94,5.99,0.1278,0.1532,0.5653,0.0233,2.8755,70.53,148.51,0.0252,0.0138
BLDR,2.57,1.69,0.055,0.0897,0.4474,-0.020499999999999997,3.7322,59.94,42.59,0.015,0.009899999999999999
BLFS,1.53,2.37,0.0222,0.0333,0.5828,-0.1242,4.6106,53.57,41.35,0.031200000000000002,0.0
BLK,1.17,18.04,-0.013000000000000001,0.0121,0.1972,-0.0783,1.2419,50.99,726.33,-0.010700000000000001,0.0024
BLNK,4.37,6.78,0.0787,0.33880000000000005,2.56,-0.1729,41.68,58.27,53.35,0.038900000000000004,0.0069
BOMN,0.48,2.18,0.3392,0.4582,0.9934999999999999,-0.054299999999999994,1.9054,82.39,37.9,-0.0245,0.024
BOX,1.24,0.68,0.0089,0.0037,0.006500000000000001,-0.1793,1.0984,50.95,18.13,-0.0226,0.0027
BRKS,1.95,4.3,0.019799999999999998,0.0668,0.4708,-0.0751,2.7560000000000002,53.63,79.59,-0.0151,0.0089
BRMK,,0.22,0.0334,0.0431,0.1148,-0.15289999999999998,0.9853000000000001,62.72,10.8,0.004699999999999999,0.0
BTRS,,0.92,0.021,0.0894,0.4525,-0.0556,0.8378,57.95,17.0,0.0149,0.0072
BWB,,0.4,0.049,0.1,0.30670000000000003,-0.0064,0.7497,64.92,13.98,-0.0029,-0.0007000000000000001
BX,1.31,1.68,0.079,0.10679999999999999,0.25120000000000003,-0.0092,1.1467,73.78,70.84,0.0143,-0.016200000000000003
BXC,2.08,2.08,0.1076,0.3061,1.1395,0.0189,10.383299999999998,68.92,40.98,0.0166,0.0088
BZUN,1.12,2.91,0.2528,0.3036,0.3134,-0.0037,1.1699,67.82,48.15,0.0391,-0.0032
CALX,1.52,1.87,-0.0147,0.099,0.5698,-0.1161,4.82,52.55,32.65,0.009300000000000001,0.0106
CAMT,1.61,1.07,0.1222,0.24760000000000001,0.6386999999999999,0.0197,3.3312,74.39,27.14,0.0178,0.0023
CAPL,2.16,0.53,0.0219,0.045700000000000005,0.1865,-0.0553,1.6843000000000001,56.47,18.28,0.0049,0.0066
CARA,1.48,0.9,0.0342,0.1612,0.2119,-0.1174,1.1509,60.11,19.1,-0.0144,0.0026
CASA,,0.43,0.061900000000000004,0.19260000000000002,0.6133,-0.0644,3.4757,61.53,8.28,-0.0143,0.006
CATC,0.49,2.02,0.0028000000000000004,0.0378,0.2465,-0.0347,0.7048000000000001,55.02,75.35,-0.0058,-0.0013
CBD,1.02,0.5,0.1091,0.1276,0.233,-0.2279,0.6816,68.57,15.79,0.0154,0.0183
CCAP,,0.5,0.0045000000000000005,0.0378,0.1882,-0.1139,1.4928,52.34,15.48,-0.0045000000000000005,0.006500000000000001
CCCC,,3.53,0.17550000000000002,0.2781,0.4324,-0.0104,0.9969,65.93,44.73,0.0525,0.0038
CCJ,0.99,0.75,0.0499,0.0986,0.2799,-0.0765,1.641,57.25,14.0,0.0204,0.020099999999999996
CCNE,0.99,0.92,0.0128,0.0557,0.2556,-0.2434,0.7215,56.26,22.81,-0.0048,0.0034999999999999996
CCS,1.9,2.95,0.248,0.2829,0.5558,0.109,5.4712,75.02,58.5,0.10980000000000001,0.0768
CCU,0.98,0.4,0.0454,0.1033,0.21,-0.09820000000000001,0.6101,67.17,17.26,-0.0103,-0.0006
CD,,1.48,0.09300000000000001,0.0634,0.1661,-0.1942,0.4924,59.0,19.58,0.013999999999999999,0.001
CDNA,0.68,5.15,0.0581,0.1973,0.9173,-0.11130000000000001,5.8037,61.14,88.72,-0.0049,-0.0048
CDNS,1.04,3.56,0.0048,0.0557,0.2569,-0.0444,1.6425,54.34,135.8,-0.0129,0.0034000000000000002
CDXC,1.58,0.19,0.1033,0.07919999999999999,0.0962,-0.12,1.112,67.28,5.28,0.0581,0.004
CELH,2.23,5.2,0.057300000000000004,0.3397,1.6503999999999999,-0.09480000000000001,18.8634,62.74,63.96,0.0535,0.023799999999999998
CENT,0.63,1.84,0.0862,0.1469,0.193,-0.0438,0.9345,73.29,46.08,-0.0105,0.009300000000000001
CENTA,,1.78,0.06280000000000001,0.1175,0.16940000000000002,-0.0758,0.9206,70.81,41.6,0.0007000000000000001,0.0005
CERS,1.34,0.43,0.0509,0.053399999999999996,0.16,-0.1499,1.7823,58.15,7.54,-0.0131,0.0187
CET,,0.52,0.024900000000000002,0.0639,0.1761,0.0001,0.8390000000000001,67.33,34.5,-0.004,0.0055000000000000005
CEVA,1.2,3.79,0.0169,0.2548,0.4939,-0.1716,1.9721000000000002,58.42,60.78,-0.019799999999999998,0.0106
CFR,1.48,2.61,0.0085,0.0646,0.266,-0.022799999999999997,1.0224,60.24,96.45,-0.0084,0.0070999999999999995
CG,1.35,1.07,0.1015,0.1678,0.30820000000000003,0.0127,1.4062999999999999,72.55,36.6,-0.0169,0.0313
CGC,,2.27,0.20010000000000003,0.413,1.0701,-0.054400000000000004,3.77,74.02,42.93,-0.0131,-0.014499999999999999
CGNX,1.64,2.08,0.030600000000000002,0.0866,0.3143,-0.0128,1.5387,64.93,87.02,0.0054,0.0038
CHCO,0.66,2.01,-0.0001,0.021,0.1105,-0.11109999999999999,0.34700000000000003,52.81,71.47,-0.016399999999999998,0.0078000000000000005
CHDN,1.38,9.61,0.0717,0.10310000000000001,0.3671,0.0058,3.1537,60.72,219.73,0.0316,0.0087
CHWY,,6.48,0.0636,0.1881,0.7465999999999999,-0.0397,4.3686,65.41,110.7,0.0346,0.0016
CINF,0.6,2.6,-0.022799999999999997,0.0213,0.146,-0.2495,0.8820999999999999,49.42,86.71,-0.0106,0.0034000000000000002
CLAR,0.88,0.62,0.0567,0.11019999999999999,0.2987,-0.0287,1.1975,65.39,17.24,0.0,0.008199999999999999
CLBK,,0.46,-0.005699999999999999,0.0229,0.1765,-0.0888,0.5385,52.52,15.8,-0.01,0.0069
CLCT,1.68,1.01,0.0732,0.1572,0.7986,-0.005,5.9321,88.77,91.92,0.0007000000000000001,-0.0002
CLDR,1.23,0.74,0.1499,0.2557,0.48090000000000005,-0.0245,2.5945,74.17,17.11,0.0203,0.0012
CLDX,2.78,1.38,0.23420000000000002,0.25129999999999997,0.8358,-0.0689,14.866700000000002,74.69,23.8,0.013600000000000001,0.0169
CLF,2.28,1.02,-0.0001,0.142,1.0042,-0.1108,5.346,57.22,16.69,0.0246,0.018799999999999997
CLFD,1.03,1.99,0.0833,0.22149999999999997,0.6622,-0.1189,2.9760000000000004,62.13,33.08,-0.0036,0.0125
CLGX,1.15,1.66,0.073,0.0626,0.24420000000000003,-0.0166,2.3171,72.85,81.9,0.0055000000000000005,-0.0045000000000000005
CLXT,2.32,1.04,0.39030000000000004,0.9436,1.1339,-0.0342,3.4707999999999997,69.41,10.73,-0.042,0.0256
CMBM,,2.68,0.22690000000000002,0.4003,1.4193,0.005600000000000001,10.2353,72.89,40.11,0.048600000000000004,0.0045000000000000005
CMD,1.55,2.4,-0.0346,0.0354,0.4594,-0.1276,2.7352,47.64,77.73,-0.023399999999999997,0.0149
CMG,1.31,37.48,0.0353,0.0837,0.244,-0.03,2.6310000000000002,62.16,1506.88,0.0132,0.0052
CNOB,1.37,0.92,0.0751,0.1394,0.4243,-0.0557,1.6211000000000002,64.04,23.21,-0.015700000000000002,0.009399999999999999
CODI,1.77,0.53,0.0158,0.0542,0.1743,-0.09609999999999999,0.9889,61.98,21.44,0.02,-0.0191
COF,1.73,3.84,0.0583,0.1494,0.4878,-0.0087,2.0126,65.1,114.48,-0.0002,0.0163
COOP,1.58,1.18,0.0206,0.0348,0.5121,-0.0536,5.9211,55.48,29.83,-0.0109,0.004699999999999999
COR,0.32,3.99,-0.0166,0.0070999999999999995,0.0203,-0.11320000000000001,0.3931,45.31,125.48,-0.0304,-0.0017000000000000001
CORT,0.89,1.12,0.040999999999999995,0.1158,0.5769,-0.0379,2.032,64.8,29.41,-0.0074,0.0058
CPRT,0.98,3.07,0.0368,0.0172,0.16940000000000002,-0.0883,1.1438,57.88,119.39,0.0215,0.0223
CRAI,1.43,2.53,-0.04190000000000001,0.028999999999999998,0.24609999999999999,-0.1139,1.4772,48.62,54.4,-0.0282,0.005600000000000001
CRL,1.1,7.95,0.0217,0.0888,0.2873,-0.0311,1.8851,59.2,275.76,0.0096,0.011699999999999999
CRM,1.13,4.9,0.0681,0.053099999999999994,0.10550000000000001,-0.1603,1.0720999999999998,67.9,238.89,-0.0011,0.0049
CRMT,1.39,4.79,0.0655,0.13019999999999998,0.3628,0.0021,2.6944,65.21,129.97,0.013300000000000001,0.002
CRON,,0.77,0.1373,0.3342,0.7739,-0.059500000000000004,2.0025,69.82,12.01,-0.0236,0.009000000000000001
CRSR,,3.95,0.1503,0.1726,0.4264,-0.1195,2.2100999999999997,64.21,45.23,-0.0165,0.0225
CRWD,,10.26,0.0147,0.1285,0.6768000000000001,-0.0629,5.9962,58.11,223.53,-0.0123,0.0103
CSGP,0.9,28.09,0.0096,0.0168,0.1341,-0.046799999999999994,0.8155,52.05,908.18,-0.0155,0.0033
CSIQ,1.42,3.77,0.0077,0.1603,0.7736,-0.1411,3.8232999999999997,55.55,57.88,-0.0091,0.0040999999999999995
CSSE,1.67,1.65,0.1724,0.37689999999999996,1.0937999999999999,-0.0374,4.9628,73.49,27.79,0.0051,-0.004
CSTR,1.13,0.5,0.009399999999999999,0.07769999999999999,0.3141,-0.061,1.0685,57.37,15.39,-0.0197,0.0083
CSV,0.82,0.95,0.0297,0.11460000000000001,0.48719999999999997,-0.027999999999999997,1.5931,62.98,35.11,-0.0043,0.0074
CSWC,1.21,0.45,0.06860000000000001,0.11720000000000001,0.33159999999999995,-0.0308,1.7256,74.7,19.75,-0.0125,0.0173
CTRE,1.13,0.69,0.031400000000000004,0.0647,0.2297,-0.0168,2.2793,59.99,23.48,-0.0118,0.0098
CTRN,1.67,3.19,0.06480000000000001,0.2851,1.307,-0.0233,8.4373,70.11,63.23,0.0104,0.0
CUBI,1.56,0.85,0.1134,0.29510000000000003,0.9061,0.0209,2.3282,75.64,24.9,0.0371,0.0076
CURI,,1.51,0.0877,0.37310000000000004,0.7508,-0.0816,1.5578,62.13,19.03,0.1058,0.0165
CVA,1.51,0.42,0.0144,0.0747,0.42340000000000005,-0.1023,1.204,57.67,14.48,-0.021,0.008199999999999999
CVAC,,7.5,0.2036,0.1881,0.6058,-0.20670000000000002,2.3314,66.09,120.43,0.0383,0.0546
CVLT,0.79,2.22,0.11779999999999999,0.214,0.5044,0.0294,1.7688,77.2,67.17,0.042199999999999994,-0.0042
CWEN,,1.19,-0.0341,0.008199999999999999,0.21420000000000003,-0.12890000000000001,1.0118,48.3,32.43,0.006500000000000001,0.01
CWEN-A,0.71,1.16,-0.0255,0.018500000000000003,0.22820000000000001,-0.1152,0.9948999999999999,50.23,30.5,0.013300000000000001,0.0043
CWH,3.44,2.28,0.17739999999999997,0.29359999999999997,0.4465,-0.0321,11.1378,70.2,39.72,-0.006999999999999999,0.009300000000000001
CWT,0.12,1.48,0.0417,0.0786,0.1891,0.0021,0.4464,65.51,57.48,0.022400000000000003,0.0037
CYRX,1.12,5.23,0.075,0.2822,0.7117,-0.16690000000000002,4.4412,60.05,70.79,0.011399999999999999,0.011699999999999999
CZR,3.19,4.04,0.0787,0.1142,0.6382,0.0066,12.7674,61.24,82.88,0.0194,0.0229
DAC,1.71,2.48,0.1502,0.49520000000000003,2.3246,-0.0451,12.128,68.44,32.82,0.0006,0.013600000000000001
DAVA,,2.49,0.07719999999999999,0.15560000000000002,0.44659999999999994,0.013500000000000002,2.1632,74.82,86.07,0.009000000000000001,0.0045000000000000005
DBX,,0.97,0.0925,0.1174,0.1751,-0.0127,0.7071999999999999,63.45,24.84,0.045899999999999996,0.0025
DDOG,,5.39,0.11109999999999999,0.1379,0.3049,-0.0273,2.9785000000000004,64.47,114.9,0.0316,-0.0048
DFIN,2.12,0.82,0.0661,0.11460000000000001,0.6312,-0.0351,3.9728,62.28,20.09,-0.0323,0.0181
DGII,1.75,1.1,0.25079999999999997,0.3003,0.6746,0.0331,2.966,77.61,24.51,0.0452,0.0196
DHI,1.66,2.76,0.0864,0.10640000000000001,0.20879999999999999,-0.0388,2.1368,66.98,80.02,0.0291,0.0088
DHR,0.7,6.38,-0.0074,0.0291,0.1519,-0.0513,0.9698,51.42,235.59,-0.0028000000000000004,0.0031
DKNG,,3.36,0.1723,0.2284,0.5382,-0.005,5.0255,71.94,63.87,-0.0008,0.012
DLTH,0.87,0.67,0.1588,0.19269999999999998,0.449,-0.15410000000000001,4.1972000000000005,73.72,14.63,0.0281,0.0092
DMS,,0.69,0.07730000000000001,0.20079999999999998,0.32899999999999996,-0.0555,0.9383,61.11,12.25,-0.0239,0.0008
DMTK,0.99,4.8,0.3218,0.9849,2.3626,0.0693,5.2336,74.98,54.17,0.0582,0.039599999999999996
DOCU,,10.4,0.024399999999999998,0.0608,0.2564,-0.1373,2.859,56.5,250.37,0.016200000000000003,0.0015
DOMO,,4.31,0.11220000000000001,0.2727,0.912,-0.026699999999999998,8.8176,64.52,74.81,0.0278,0.0151
DORM,0.8,3.42,0.0304,0.0535,0.2011,-0.0236,1.2284,59.72,99.14,0.0171,0.0059
DQ,0.82,10.57,0.1892,0.6221,2.2100999999999997,-0.0992,12.1261,64.0,109.19,-0.0102,0.0151
DRE,0.52,0.94,0.0441,0.0574,0.10300000000000001,-0.047599999999999996,0.6426999999999999,62.68,41.38,0.005600000000000001,0.0024
DRNA,1.1,1.42,0.1446,0.1612,0.2568,0.011399999999999999,1.3328,66.75,27.41,0.0583,0.0058
DSGX,1.15,1.63,0.0281,0.0625,0.1603,-0.0125,1.5844,58.81,62.93,-0.0034999999999999996,0.001
DT,,2.65,0.25980000000000003,0.3223,0.4039,0.0431,2.2433,73.44,55.46,0.0616,0.0095
DTIL,,1.15,0.235,0.43700000000000006,0.8862000000000001,-0.09759999999999999,2.3625,72.09,14.98,0.0281,0.0189
DZSI,1.61,0.86,0.0786,0.16399999999999998,0.6369,-0.0582,5.137899999999999,63.56,17.8,0.0085,0.0086
EBAY,1.18,2.09,0.0989,0.1693,0.2116,-0.0404,1.3916,71.49,62.23,0.0175,0.0007000000000000001
EBS,1.24,4.75,0.0897,0.2254,0.2346,-0.1458,1.535,69.38,117.55,-0.0014000000000000002,0.011000000000000001
EBTC,0.49,1.12,-0.0028000000000000004,0.0204,0.1517,-0.1578,0.40700000000000003,52.92,27.12,0.0161,-0.0067
ECOM,0.95,0.87,0.1747,0.34979999999999994,0.4818,0.039,4.2823,81.58,23.19,0.0493,0.0096
EDU,0.98,7.67,0.059800000000000006,0.0828,0.2249,-0.0154,0.809,60.76,184.54,0.0086,0.0001
EFC,2.13,0.31,0.0269,0.042199999999999994,0.2335,-0.17679999999999998,3.8568000000000002,61.47,15.74,0.0109,0.0039000000000000003
EGO,1.42,0.63,0.1099,0.042,0.1502,-0.1056,1.8174000000000001,60.34,12.96,0.0253,0.09910000000000001
EGOV,0.29,0.85,0.0053,0.0775,0.2076,-0.08470000000000001,0.8205,55.55,28.2,-0.028300000000000002,0.0042
EGP,0.72,3.43,0.0546,0.0652,0.1305,-0.049,0.7476,61.87,145.75,-0.0002,0.0077
EGRX,0.65,2.05,0.011899999999999999,0.035699999999999996,0.053399999999999996,-0.1632,0.4636,54.38,49.47,0.0177,0.005600000000000001
ELF,2.02,1.12,-0.0060999999999999995,0.0017000000000000001,0.1759,-0.12869999999999998,2.0106,49.6,22.82,-0.0318,0.0195
ENR,1.17,1.51,0.0175,0.0697,0.07519999999999999,-0.12,0.7812,59.3,47.38,0.0015,0.0115
ENSG,1.06,3.93,-0.0059,0.07429999999999999,0.4606,-0.0928,2.4838,53.3,83.82,-0.04,0.008100000000000001
EPAM,1.36,10.67,0.0742,0.1045,0.2642,0.0055000000000000005,1.4836,65.09,377.43,0.0042,0.0074
ERII,1.32,0.53,0.0058,0.09390000000000001,0.5045000000000001,-0.0518,1.3666,57.96,14.46,0.0241,0.0115
ES,0.34,1.92,-0.0095,0.008100000000000001,0.0187,-0.11689999999999999,0.44670000000000004,49.23,87.8,-0.0069,0.0015
ESCA,1.32,1.01,0.0374,0.0587,0.3209,-0.063,3.7548000000000004,57.18,22.3,-0.0168,0.0102
ESGR,0.66,6.06,0.01,0.0371,0.213,-0.049400000000000006,1.2403,56.71,211.89,0.009000000000000001,0.0008
ESTC,,7.13,0.0547,0.1335,0.5466,-0.0547,3.2766,61.42,166.83,0.0111,0.0062
ETSY,1.63,12.37,0.13470000000000001,0.26170000000000004,0.8027,0.0194,6.716900000000001,68.65,231.12,0.0433,0.0031
EVA,1.08,1.08,0.0767,0.1208,0.2871,-0.0060999999999999995,1.5253999999999999,78.39,52.1,-0.0025,0.0042
EVH,2.36,0.72,0.0821,0.1797,0.6453,-0.005699999999999999,4.5143,66.76,19.3,0.0042,0.011000000000000001
EXAS,1.51,6.24,0.0109,0.0687,0.4028,-0.09369999999999999,3.1017,55.76,144.59,0.008,0.0045000000000000005
EXP,1.27,3.64,0.0352,0.1255,0.3912,-0.0091,1.8052000000000001,65.06,117.34,-0.0111,0.012199999999999999
EXPD,0.76,1.99,-0.0038,0.0059,0.0898,-0.044500000000000005,0.768,51.06,92.91,0.011899999999999999,0.0053
EXPI,3.29,8.28,0.4043,0.7555,2.3132,0.052199999999999996,19.7327,81.71,134.97,0.0693,0.004
FAF,1.15,1.21,0.0139,0.049,0.0782,-0.1816,0.8614,57.79,54.65,-0.0011,0.0024
FATE,1.7,7.17,0.0173,0.15380000000000002,1.0913,-0.1318,5.28,58.9,105.19,0.0021,0.0229
FBHS,1.64,2.82,-0.0015,0.0232,0.1557,-0.0521,1.6115000000000002,51.68,88.53,-0.0044,0.0024
FBK,1.26,1.07,0.0334,0.08810000000000001,0.3655,-0.0049,1.6801,66.27,38.54,-0.0054,0.0018
FBMS,0.99,1.15,0.0108,0.054299999999999994,0.33640000000000003,-0.0946,1.1048,56.23,32.14,0.0025,-0.005600000000000001
FCEL,5.48,2.43,0.2525,0.7931999999999999,3.5867,-0.0432,22.92,72.76,23.92,-0.0116,0.018500000000000003
FCX,2.14,1.64,0.0727,0.188,0.865,-0.023399999999999997,5.582999999999999,62.66,31.73,0.04650000000000001,0.0174
FDUS,,0.36,0.010700000000000001,0.0245,0.2753,-0.1321,2.0513,57.72,13.54,-0.0029,0.0074
FEYE,1.12,1.2,-0.0335,0.0967,0.4424,-0.16570000000000001,1.8249000000000002,51.25,21.3,0.0138,0.0024
FFG,0.15,1.07,-0.0052,0.0352,0.2593,-0.038,0.9355,53.9,56.15,-0.0034999999999999996,0.0018
FFIN,0.91,1.41,0.0292,0.1012,0.2954,-0.0058,0.9739,61.3,40.86,-0.0154,0.011000000000000001
FGEN,1.43,2.09,0.1535,0.2299,0.2586,0.013600000000000001,1.3073,76.36,52.26,0.0239,0.0111
FHN,1.54,0.5,0.0354,0.1186,0.41259999999999997,-0.1014,1.4163,62.38,15.15,-0.0124,0.0092
FISV,0.89,2.95,0.0296,0.0012,0.0785,-0.09939999999999999,0.5268,56.71,112.22,-0.0058,0.005600000000000001
FIVN,0.49,7.06,0.011399999999999999,0.0373,0.3151,-0.0786,2.2988,53.87,173.22,0.0167,-0.0031
FL,1.33,1.83,0.06309999999999999,0.1484,0.4316,-0.0075,1.8053,66.45,48.98,-0.0182,0.04
FLGT,1.9,14.97,0.6762999999999999,1.2702,2.8489999999999998,-0.1124,20.1224,72.52,141.52,0.1752,0.0102
FLNT,3.07,0.64,0.32159999999999994,0.5005,1.3795,0.0694,5.794099999999999,72.1,6.93,0.1379,0.0287
FLWS,1.69,2.21,0.0271,0.16570000000000001,0.2703,-0.2,1.8422,55.04,31.69,0.05,-0.0063
FMNB,0.95,0.41,0.0132,0.0351,0.1618,-0.15,0.4257,56.27,14.0,0.0,0.0007000000000000001
FN,1.06,3.14,0.0678,0.1553,0.3122,-0.008199999999999999,1.0286,67.97,89.26,0.018799999999999997,0.0016
FNF,1.34,1.06,-0.002,0.0152,0.1635,-0.2133,1.04,52.03,38.76,-0.0195,0.0105
FOR,2.12,0.78,0.0451,0.1024,0.3005,-0.041299999999999996,1.4369,67.31,22.98,0.0282,0.0013
FORM,1.4,2.13,-0.0066,0.038900000000000004,0.4253,-0.0977,1.7908000000000002,52.95,45.63,0.0051,0.0109
FOUR,,4.12,0.1025,0.1479,0.46759999999999996,0.0104,1.5917,63.91,77.75,0.029900000000000003,0.0102
FPI,0.86,0.51,0.0906,0.23010000000000003,0.5332,-0.0525,1.2514,64.87,11.37,0.0018,0.0116
FR,0.84,0.94,0.0182,0.0177,0.0458,-0.08070000000000001,0.6377,54.72,42.4,-0.010700000000000001,0.0063
FRC,1.11,3.91,0.0053,0.0842,0.2899,-0.0661,1.2237,59.13,155.79,-0.0083,0.005699999999999999
FRG,2.08,1.51,0.09759999999999999,0.22719999999999999,0.5225,-0.0175,5.433,74.27,36.99,-0.0083,0.0062
FRPT,0.67,6.04,0.09480000000000001,0.13470000000000001,0.4545,0.032,2.9082999999999997,68.29,159.42,0.0285,0.0064
FSKR,,0.46,0.0516,0.0495,0.16899999999999998,-0.047,0.5344,67.32,17.86,0.0045000000000000005,0.0143
FSLR,1.33,5.75,-0.05,0.0025,0.3519,-0.13419999999999999,2.4211,45.82,97.4,-0.015700000000000002,0.0037
FSLY,,6.38,0.1329,0.19940000000000002,0.4474,-0.1711,9.644400000000001,69.18,113.15,0.0167,-0.0034000000000000002
FSM,,0.71,-0.0286,0.0196,0.2325,-0.2284,4.1701,49.17,7.6,0.016,0.0177
FSV,,3.66,0.0305,0.0512,0.1957,-0.023399999999999997,1.4822,58.98,142.43,0.024700000000000003,-0.0023
FTCH,,4.13,0.08460000000000001,0.1036,1.0325,-0.0282,10.1035,61.5,66.51,-0.025099999999999997,0.016200000000000003
FTHM,,3.55,0.028900000000000002,0.1789,0.6755,-0.11900000000000001,3.5862,56.66,39.51,-0.0068000000000000005,0.0158
FTNT,1.06,4.83,0.04190000000000001,0.107,0.1877,-0.0101,1.2148,60.5,155.48,-0.0123,0.0027
FUBO,3.03,5.77,0.2641,0.40399999999999997,1.8297999999999999,-0.2169,8.756,60.31,48.78,-0.0473,0.0029
FUTU,,12.57,0.295,0.8684999999999999,2.2357,-0.1275,13.2157,78.16,116.0,0.0407,-0.031400000000000004
FVRR,,18.11,0.15789999999999998,0.2631,1.0595,-0.0395,12.4324,66.23,274.29,0.0292,0.0171
GBCI,1.01,1.75,0.0067,0.0706,0.2766,-0.032400000000000005,0.8664000000000001,56.2,49.61,-0.0102,0.0076
GBDC,,0.26,0.030600000000000002,0.0545,0.1663,-0.1748,0.6820999999999999,63.05,14.95,0.0115,-0.0014000000000000002
GDS,1.15,3.93,0.0418,0.1354,0.3519,-0.0436,1.556,63.49,110.6,0.0055000000000000005,0.0046
GE,1.09,0.42,0.0113,0.040999999999999995,0.442,-0.14029999999999998,1.0803,56.24,11.4,-0.0096,0.0052
GFF,1.97,0.9,0.049400000000000006,0.1325,0.20440000000000003,-0.1133,1.6678,60.6,24.41,0.0025,0.0108
GFL,,1.1,0.0418,0.086,0.4057,-0.0384,1.6015000000000001,60.74,31.01,-0.0013,0.0075
GGG,0.57,1.93,-0.0184,0.0086,0.2114,-0.0674,0.8681,49.9,71.79,0.008,0.011200000000000002
GH,,6.94,0.044199999999999996,0.1865,0.5602,-0.0352,1.9086,66.62,162.59,0.0191,0.0083
GLOB,1.16,8.24,0.0321,0.0652,0.24309999999999998,-0.0649,2.0425999999999997,57.23,215.51,0.014199999999999999,0.004699999999999999
GLPI,1.08,1.09,0.0583,0.0424,0.1702,-0.1338,2.3869,64.27,43.61,0.0025,0.006
GMED,0.99,1.63,-0.0144,0.0033,0.16510000000000002,-0.0707,0.897,49.5,63.38,-0.0151,0.0116
GNL,1.17,0.41,0.0433,0.030299999999999997,0.08070000000000001,-0.19440000000000002,0.9943000000000001,61.98,17.49,0.019799999999999998,0.0006
GNRC,0.89,10.42,0.0395,0.1447,0.5234000000000001,-0.059000000000000004,2.5838,60.75,270.58,0.025099999999999997,0.0066
GOLF,0.84,1.23,0.0987,0.1304,0.2882,0.0126,1.2257,76.01,45.96,0.011200000000000002,0.006
GOOD,1.01,0.39,0.0138,0.014499999999999999,0.0356,-0.1681,1.4256,56.84,18.41,-0.0097,0.0109
GOOG,,61.2,0.1305,0.1637,0.3275,-0.0087,1.07,74.5,2098.0,0.013500000000000002,0.0037
GOOGL,1.01,61.77,0.131,0.1629,0.3243,-0.0084,1.0705,74.35,2088.83,0.014199999999999999,0.0029
GPN,1.15,5.76,0.0355,0.009899999999999999,0.10289999999999999,-0.0808,0.8786,56.33,198.27,-0.0038,0.0058
GRMN,0.98,2.17,-0.0026,0.006,0.1703,-0.0374,0.9712999999999999,52.38,120.33,0.0038,0.005
GRWG,3.11,4.24,0.18030000000000002,0.3912,1.9921,-0.0124,21.1908,69.17,58.14,0.0111,0.0016
GSHD,,7.32,0.1081,0.17620000000000002,0.5568,-0.009399999999999999,3.0643000000000002,67.13,149.8,-0.0011,0.0037
GTN,2.02,0.67,0.0301,0.0113,0.19469999999999998,-0.212,1.109,54.22,17.99,-0.0291,0.009300000000000001
GTS,0.72,0.87,-0.022099999999999998,0.009000000000000001,0.15460000000000002,-0.08810000000000001,1.517,48.29,22.98,-0.0146,0.012199999999999999
GTYH,0.31,0.42,0.2027,0.5283,1.104,0.011200000000000002,2.75,83.32,8.1,0.0385,0.011699999999999999
GWPH,2.05,10.96,0.45880000000000004,0.613,0.815,-0.013500000000000002,2.1563999999999997,82.84,214.57,0.0064,-0.0033
GWRS,0.59,0.62,0.022400000000000003,0.1057,0.3983,-0.027200000000000002,0.9753000000000001,60.97,16.81,0.009000000000000001,0.0097
HARP,,1.55,-0.0521,0.1317,0.24280000000000002,-0.21059999999999998,0.9396,51.59,19.92,-0.0085,0.0045000000000000005
HAS,0.98,2.43,0.0103,0.0355,0.187,-0.1116,1.3537000000000001,57.44,97.28,-0.001,0.0053
HASI,1.85,2.83,-0.0374,0.023700000000000002,0.4661,-0.1333,3.1819,49.41,62.77,0.0027,0.0262
HCAT,,1.92,0.0693,0.1977,0.48,-0.018600000000000002,1.9680000000000002,69.32,51.88,-0.0021,0.022400000000000003
HCI,0.65,1.83,0.011000000000000001,0.0496,0.1352,-0.105,0.7817000000000001,54.96,56.32,-0.009000000000000001,0.0073
HCM,,1.58,0.0403,0.11380000000000001,0.2064,-0.0451,1.3969,61.3,35.33,-0.0048,0.0
HD,1.03,5.68,0.014499999999999999,0.0281,0.0542,-0.0481,0.9829000000000001,55.88,278.86,-0.0051,0.0053
HDB,,2.07,0.0968,0.149,0.498,0.0033,1.778,70.58,81.95,0.0199,0.0075
HEAR,1.73,1.77,0.17309999999999998,0.2782,0.6618,-0.0516,6.266699999999999,68.05,29.43,-0.0064,-0.0024
HESM,2.32,0.84,-0.0070999999999999995,0.042699999999999995,0.17379999999999998,-0.09179999999999999,2.7508999999999997,52.55,21.38,-0.0102,0.004699999999999999
HHR,,1.07,0.0911,0.1331,0.4006,0.0084,1.6457,69.43,32.41,0.0227,-0.0028000000000000004
HIBB,1.73,3.24,0.08929999999999999,0.2091,0.7525,-0.0195,7.1774000000000004,69.16,59.94,-0.0038,0.0091
HIMS,,2.34,0.382,0.6537999999999999,1.1098999999999999,-0.038900000000000004,1.5521,70.71,23.99,0.0768,0.0054
HIMX,1.93,0.89,0.3776,0.6219,1.6891999999999998,0.0617,6.2600999999999996,79.14,12.56,0.147,0.0083
HLF,1.04,1.56,0.053399999999999996,0.0809,0.1424,-0.0173,1.5977000000000001,62.83,53.85,-0.0168,0.0037
HLNE,0.84,2.89,0.0384,0.07719999999999999,0.1788,-0.0213,1.2815,61.23,82.75,0.0146,0.0077
HMI,,0.75,0.048799999999999996,0.1352,0.1649,-0.18539999999999998,0.6949,61.42,14.83,-0.0113,0.0027
HOLI,0.99,0.65,0.0436,0.0672,0.1754,-0.0576,0.5819,58.86,15.06,-0.0131,0.0046
HOLX,1.24,3.02,0.0616,0.1052,0.2839,-0.0259,2.1257,63.91,82.8,-0.0163,0.0054
HOME,2.67,1.65,0.06309999999999999,0.2783,0.8112,-0.1389,19.4083,64.76,24.49,0.0166,0.0143
HOOK,,0.68,0.0587,0.0521,0.1543,-0.1379,1.1017000000000001,56.81,12.19,-0.0008,0.0033
HRB,0.76,0.7,0.1079,0.1253,0.17170000000000002,-0.2025,0.6811,67.79,18.98,0.011699999999999999,0.0059
HSIC,0.86,1.86,0.0036,0.0277,0.1094,-0.0636,0.6757,56.03,70.13,-0.0013,0.005600000000000001
HTBK,1.17,0.33,-0.0222,0.011899999999999999,0.1791,-0.2328,0.5281,50.57,9.23,-0.016,0.0086
HUBS,1.66,15.63,0.0676,0.0654,0.4415,-0.0125,3.5726,61.65,415.35,0.0124,0.0062
HWKN,0.9,2.19,0.0356,0.060899999999999996,0.1791,-0.0583,1.1029,58.13,56.4,-0.0173,0.0149
HZNP,1.06,3.82,0.0855,0.14859999999999998,0.29109999999999997,-0.0259,2.5792,64.4,85.22,-0.004699999999999999,-0.0029
IAC,1.75,8.87,0.2002,0.38780000000000003,0.955,0.016,5.9863,82.9,248.56,0.0525,0.0011
IBN,1.25,0.43,0.1366,0.209,0.5711999999999999,0.005699999999999999,1.5597999999999999,75.5,17.56,0.0269,-0.0144
IBP,1.8,5.57,0.062,0.1263,0.3533,-0.0659,3.0854000000000004,60.62,118.56,0.018000000000000002,0.014199999999999999
ICE,0.72,2.54,-0.0025,0.021,0.1331,-0.0406,0.7979999999999999,52.43,114.19,-0.006999999999999999,0.0039000000000000003
ICHR,2.31,2.09,0.0695,0.1873,0.49229999999999996,-0.0181,2.0183,64.2,41.29,-0.0113,0.0089
ICLK,,1.33,0.3256,0.7667,1.3287,-0.0537,4.0462,76.79,17.46,0.047400000000000005,-0.010700000000000001
IDCC,1.11,1.51,-0.005,0.0395,0.107,-0.0358,1.1234,53.9,65.91,-0.0111,0.0098
IDXX,0.87,15.91,0.022799999999999997,0.0464,0.2841,-0.0387,1.9804,56.11,502.64,0.0128,0.0046
IESC,1.39,2.13,0.0209,0.0819,0.5286,-0.039,2.5762,56.93,49.1,-0.0113,0.015300000000000001
IHC,0.79,1.31,0.0179,0.0275,0.1696,-0.045899999999999996,0.8909,56.6,41.6,0.0408,0.0008
IIIN,1.72,1.19,0.057800000000000004,0.1197,0.3983,-0.026600000000000002,1.9140000000000001,63.2,27.41,-0.0033,0.013300000000000001
IIPR,1.55,9.42,0.0993,0.1795,0.6754000000000001,0.0036,4.2594,67.7,211.48,0.0139,0.001
IMGN,1.47,0.39,0.0408,0.1263,0.5104,-0.0506,2.9436,58.49,7.69,0.0253,0.008100000000000001
IMKTA,0.59,1.67,0.1206,0.1869,0.2335,-0.0409,0.5511,71.74,49.96,-0.0212,0.0016
INFU,0.89,0.61,0.0588,0.0638,0.3396,-0.054900000000000004,2.5361000000000002,64.29,18.6,0.0,0.0054
INFY,0.92,0.37,-0.0179,0.048799999999999996,0.3372,-0.0757,1.608,52.68,17.63,0.0074,-0.0051
INMD,,2.66,0.1666,0.3454,0.8140999999999999,0.0116,4.1575,78.57,67.77,0.0062,0.0084
INS,1.13,1.77,0.20350000000000001,0.2127,0.3403,0.0776,1.1066,82.51,49.0,0.1051,0.0077
INSG,1.74,1.36,0.139,0.3343,0.6727,-0.0971,4.0639,64.11,19.8,-0.0055000000000000005,0.0132
INSP,,10.32,0.071,0.1264,0.6977,-0.0315,4.4838,62.86,222.26,-0.0111,0.0132
INTU,1.0,10.75,0.0401,0.0524,0.1993,-0.022000000000000002,1.0748,58.64,389.38,-0.008100000000000001,-0.0005
IPHI,1.09,4.64,-0.0366,0.0227,0.2843,-0.09179999999999999,1.9702000000000002,46.06,165.5,-0.0096,0.0072
IRT,0.92,0.36,0.0533,0.0641,0.20149999999999998,-0.1555,1.0743,62.48,14.23,0.016399999999999998,0.006500000000000001
ITIC,0.93,4.77,0.0891,0.0432,0.23149999999999998,-0.1011,0.8104,65.43,160.82,0.024300000000000002,0.0
ITMR,,1.19,0.0369,0.17300000000000001,0.22949999999999998,-0.13970000000000002,2.1905,60.78,24.95,0.027999999999999997,0.0197
JD,0.83,3.67,0.0478,0.1002,0.33340000000000003,-0.0496,1.9554,58.52,96.64,0.0144,0.0068000000000000005
JEF,1.48,0.75,0.01,0.047400000000000005,0.349,-0.0574,1.2777,57.36,25.51,0.0043,0.0032
JOE,1.18,2.42,0.1684,0.2858,0.9986,0.0183,2.4854,74.02,53.41,0.0179,0.0118
JOUT,0.87,4.61,0.0556,0.1552,0.36700000000000005,-0.0075,1.4731,67.0,120.59,-0.0259,0.0818
JW-A,0.77,1.44,0.0538,0.1346,0.3379,0.0002,0.6659999999999999,68.33,49.98,0.0242,0.0083
JYNT,1.11,1.61,0.15810000000000002,0.2676,0.8328,-0.005,3.6428,81.56,35.61,0.020099999999999996,0.0049
KC,,4.35,0.2791,0.39640000000000003,0.8402,-0.051699999999999996,2.7596,77.2,63.95,0.0151,0.0151
KDMN,1.67,0.33,0.1333,0.20079999999999998,0.2491,-0.0327,1.3130000000000002,64.92,5.32,0.0391,0.042800000000000005
KDP,0.68,0.69,0.018799999999999997,0.039900000000000005,0.1117,-0.0344,0.7139,59.16,32.53,0.0028000000000000004,0.0043
KE,1.38,1.08,0.2566,0.3885,0.6762999999999999,-0.0025,1.4191999999999998,78.78,23.66,-0.0109,0.02
KEN,1.73,1.01,-0.033,0.0199,0.3697,-0.09359999999999999,1.9655,48.18,28.5,-0.0101,0.0102
KEYS,0.96,3.6,-0.0171,0.0687,0.30670000000000003,-0.067,0.8343,54.45,142.95,0.0126,0.0040999999999999995
KFRC,1.47,1.45,0.023700000000000002,0.0458,0.2796,-0.0149,1.1883,58.38,45.08,-0.0077,0.0163
KHC,1.09,0.85,0.021099999999999997,0.0040999999999999995,0.043,-0.0706,0.6908,54.09,33.8,0.0141,0.0125
KKR,1.39,1.14,0.1009,0.12,0.2847,0.018000000000000002,1.8714,70.64,44.65,0.012,0.0059
KLAC,1.27,11.18,-0.025,0.0545,0.3411,-0.0931,1.6139,50.98,288.03,-0.027000000000000003,0.0060999999999999995
KLIC,1.14,2.11,0.15259999999999999,0.2525,0.6126,-0.0541,1.5421,72.41,42.99,0.0347,0.0127
KLR,,1.0,0.2391,0.4495,1.0388,-0.09210000000000002,2.9183999999999997,74.97,14.89,-0.0387,0.0552
KOPN,2.32,0.77,0.7465999999999999,1.5590000000000002,3.4133,-0.0155,39.1579,83.84,7.63,-0.052199999999999996,0.0776
KTOS,0.96,1.32,0.03,0.12619999999999998,0.4486,-0.0713,4.8580000000000005,59.23,29.29,-0.0118,0.010700000000000001
KWR,1.54,9.47,0.0128,0.0666,0.3469,-0.0246,1.5574000000000001,56.49,276.56,-0.0055000000000000005,0.0124
KYMR,,7.6,0.0594,0.1674,0.5846,-0.1557,2.0519,57.33,77.61,0.1539,-0.0074
LAD,1.77,17.61,0.1288,0.2112,0.6265,0.010700000000000001,5.6245,71.93,369.25,0.0116,0.0189
LAND,0.65,0.52,0.0739,0.1225,0.1298,-0.0168,0.7648,67.73,16.96,-0.0024,0.006500000000000001
LASR,,2.11,-0.02,0.0032,0.3283,-0.1232,2.7420999999999998,50.62,33.81,0.0292,0.0058
LB,1.74,2.67,0.1092,0.19390000000000002,0.7573000000000001,0.0055000000000000005,5.1737,65.74,49.39,0.0173,0.01
LCII,1.63,4.67,0.0354,0.073,0.233,-0.0269,1.6021,60.62,143.87,0.0168,0.0165
LDOS,0.97,2.77,-0.0066,0.0149,0.10769999999999999,-0.1516,0.57,50.83,106.76,-0.0018,-0.003
LE,2.66,2.17,0.1175,0.3095,1.1621,-0.0659,6.7037,63.6,31.2,-0.055099999999999996,0.018500000000000003
LESL,,1.99,-0.0148,0.1149,0.1478,-0.1459,0.4648,51.27,28.05,-0.0407,0.0199
LFUS,1.17,9.95,-0.0235,0.0242,0.3308,-0.09,1.5282,50.92,262.0,0.028300000000000002,0.0021
LGIH,1.42,4.8,0.1013,0.0837,0.13019999999999998,-0.12539999999999998,2.5242,64.42,116.3,0.0339,0.0121
LH,1.07,5.93,0.012199999999999999,0.0731,0.1916,-0.047599999999999996,1.3113,56.38,226.55,0.0031,0.009300000000000001
LMAT,1.36,2.06,0.0623,0.1752,0.4797,-0.0447,1.5730000000000002,69.18,48.27,-0.0151,0.0062
LMND,,14.8,-0.061799999999999994,0.2069,0.7927,-0.2309,2.2831,52.32,144.82,-0.0274,0.0060999999999999995
LNC,2.2,1.95,0.0184,0.0165,0.2809,-0.17559999999999998,2.1706,55.34,51.08,0.0067,0.0148
LOGI,0.92,3.2,0.071,0.15810000000000002,0.47009999999999996,0.011899999999999999,2.5655,68.77,111.85,0.0149,0.0046
LOW,1.36,3.85,0.0323,0.0739,0.1653,-0.031200000000000002,1.9172,61.7,175.03,0.002,0.0095
LPRO,,2.11,0.0706,0.17559999999999998,0.7454000000000001,-0.0599,3.207,61.12,39.42,-0.026699999999999998,0.006500000000000001
LPX,1.8,1.38,0.0629,0.09759999999999999,0.3655,-0.0083,2.2174,63.02,41.73,0.0048,0.0040999999999999995
LRCX,1.31,21.61,-0.0418,0.0174,0.36460000000000004,-0.1292,1.8105000000000002,48.46,509.76,-0.0281,0.0096
LSF,,3.19,0.18230000000000002,0.1375,0.1413,-0.1303,0.7058,65.89,52.88,0.1017,0.042800000000000005
LSI,0.34,1.94,0.0374,0.0758,0.19329999999999997,-0.01,0.8737,62.46,84.08,-0.0018,-0.0021
LSPD,,4.51,0.0332,0.1272,0.9376000000000001,-0.1157,7.873200000000001,57.38,72.49,-0.0124,0.011000000000000001
LUNA,1.13,0.52,0.060599999999999994,0.1364,0.5708,-0.0339,1.5333,63.32,11.4,-0.0009,0.013300000000000001
LUNG,,4.18,-0.0089,0.0493,0.1582,-0.133,0.6004,51.49,60.24,0.004,0.0
MAS,1.34,1.45,0.0083,0.0258,0.065,-0.0622,1.0865,54.32,56.42,0.0037,0.0052
MAT,1.48,0.53,0.0055000000000000005,0.0652,0.466,-0.046900000000000004,1.8346,59.46,18.51,-0.0149,0.0124
MATX,0.99,2.45,0.0027,0.0644,0.46659999999999996,-0.0797,1.7141,55.21,64.46,0.0075,0.009899999999999999
MAX,,3.49,0.158,0.2888,0.3114,-0.09939999999999999,1.4869999999999999,64.21,53.77,0.0075,0.0034000000000000002
MAXR,1.3,3.42,0.1308,0.3579,1.0684,-0.12119999999999999,6.1908,65.47,51.63,0.0473,0.008
MBIN,,1.37,0.0418,0.11,0.4985,-0.0245,1.6112,64.38,32.3,-0.0116,0.0086
MCFE,,1.17,0.06509999999999999,0.17629999999999998,0.1866,-0.0709,0.3899,59.88,20.57,-0.0158,0.0121
MCK,0.86,4.71,0.004,0.026099999999999998,0.1524,-0.0246,0.6258,54.45,183.06,-0.0166,0.0004
MCO,1.14,6.38,0.018000000000000002,0.0012,0.0018,-0.0947,0.6869,53.18,276.97,-0.0045000000000000005,0.005
MDB,,18.1,0.11289999999999999,0.2029,0.654,-0.0173,3.3989,68.2,412.66,0.0304,0.0104
MDC,1.49,2.43,0.1399,0.1793,0.37560000000000004,0.013999999999999999,2.7365,71.74,58.85,0.0325,0.011000000000000001
MDLA,,2.27,0.1076,0.2232,0.45049999999999996,-0.0816,1.7637,64.14,44.33,0.0048,0.0052
MED,1.53,10.01,0.1092,0.19579999999999997,0.5754,-0.0009,4.1194999999999995,71.82,251.01,-0.0063,0.0073
MEDP,1.35,4.6,0.048499999999999995,0.0665,0.2824,-0.023399999999999997,1.5043,62.75,147.05,-0.0025,0.0125
MEG,,2.56,-0.0095,0.16449999999999998,0.36210000000000003,-0.1057,1.4241,56.74,39.78,-0.0055000000000000005,0.0043
MEI,1.21,1.26,-0.023,0.0233,0.2195,-0.0849,0.813,50.59,39.45,-0.0137,0.016
MELI,1.58,88.62,0.0426,0.1275,0.5915,-0.0504,3.543,58.59,1918.13,0.0027,0.0103
MGIC,1.33,0.57,-0.0118,0.033,0.24239999999999998,-0.0658,1.5878,52.37,16.34,-0.0018,0.0055000000000000005
MGNI,2.42,4.18,0.6103000000000001,0.9978,3.4297000000000004,0.2365,12.4352,82.63,54.95,-0.0158,0.2837
MGPI,1.53,2.72,0.1402,0.2605,0.5243,-0.0014000000000000002,1.8817,75.41,62.36,0.0087,0.0138
MHO,2.07,2.41,0.0768,0.1247,0.2898,-0.0546,4.4543,62.86,52.47,0.0288,0.011699999999999999
MKL,0.66,27.03,0.0876,0.0924,0.1201,-0.1841,0.5475,67.15,1099.51,0.0212,0.0060999999999999995
MKSI,1.63,7.07,-0.058600000000000006,0.028900000000000002,0.3065,-0.1559,1.4275,47.23,162.33,-0.0381,0.0089
MKTX,0.43,18.13,0.0673,0.043899999999999995,0.11349999999999999,-0.0574,1.075,61.02,571.66,0.0012,0.0084
MLAB,0.42,9.77,-0.0049,0.0172,0.129,-0.0661,0.5811,52.01,287.6,0.0019,0.0033
MMS,0.83,2.07,0.0441,0.0799,0.1165,-0.005600000000000001,0.7312000000000001,62.91,80.36,-0.011399999999999999,0.0059
MMX,-1.19,0.29,-0.0241,0.006,0.0949,-0.1213,1.1355,48.97,5.36,-0.0255,0.0148
MNR,0.79,0.45,0.062400000000000004,0.1061,0.2556,0.008199999999999999,1.1793,68.53,18.35,0.0223,0.0084
MNST,1.09,2.05,0.0085,0.0223,0.1534,-0.0421,0.8198000000000001,54.85,91.1,-0.0103,0.0063
MODN,0.95,1.28,0.0519,0.099,0.1174,-0.12300000000000001,1.6053,61.71,39.08,0.009000000000000001,0.0083
MORF,,1.79,0.17809999999999998,0.17550000000000002,0.4365,-0.0262,2.8364,73.1,37.98,-0.0013,0.0048
MORN,1.08,6.51,0.0264,0.0784,0.34450000000000003,-0.0333,1.3136,57.27,237.35,-0.0149,-0.0003
MP,,2.69,0.0033,0.0917,0.7898999999999999,-0.2084,2.2975,52.87,32.25,-0.0548,0.0095
MPW,0.58,0.54,0.0276,0.043899999999999995,0.14859999999999998,-0.0992,0.7717,58.62,21.88,-0.0023,0.0046
MPWR,0.95,16.37,-0.0564,0.0173,0.27899999999999997,-0.1161,1.7629,45.91,359.51,-0.0737,0.0558
MRNA,,11.33,0.2545,0.2938,1.0719,-0.0524,8.8403,70.11,176.24,0.030600000000000002,-0.013300000000000001
MRVL,1.19,1.81,-0.0335,0.0408,0.2829,-0.1014,2.0425999999999997,48.17,50.05,-0.0126,0.0078000000000000005
MSCI,0.9,13.54,0.0232,0.0163,0.15839999999999999,-0.057,0.9656999999999999,55.69,429.81,-0.0008,-0.0001
MSEX,0.28,2.77,0.10439999999999999,0.1377,0.2349,-0.0333,0.7023999999999999,69.19,83.06,0.0116,0.0049
MSFT,0.84,5.34,0.0684,0.0965,0.1675,-0.0118,0.8276,68.48,242.2,-0.0007000000000000001,0.0014000000000000002
MSON,1.4,1.07,0.38789999999999997,0.40259999999999996,0.4581,0.0417,1.7943,79.38,18.75,0.21050000000000002,0.0509
MSTR,1.6,55.84,0.3728,0.8736,2.7798000000000003,0.0451,7.9556,79.64,806.0,0.0452,0.0073
MTCH,,7.33,0.0947,0.0895,0.3969,-0.0002,2.5722000000000005,60.67,159.82,0.0552,0.0055000000000000005
MTD,1.02,32.0,-0.015700000000000002,0.0212,0.2288,-0.0601,1.0628,50.42,1195.2,-0.0053,-0.0126
MTSI,2.35,3.37,0.0287,0.15460000000000002,0.5738,-0.026099999999999998,3.1723000000000003,58.24,62.71,-0.0195,0.0111
MU,1.26,3.13,0.0088,0.0882,0.45630000000000004,-0.0705,1.6052000000000002,56.46,81.1,-0.0084,0.0066
MWK,,2.94,0.395,0.9926999999999999,2.6365,-0.0103,22.619699999999998,80.66,33.54,-0.013500000000000002,0.018000000000000002
MXIM,1.24,2.57,-0.039599999999999996,0.0084,0.2481,-0.09390000000000001,1.1274,46.97,89.2,-0.0089,0.005699999999999999
MYE,1.47,0.73,-0.009899999999999999,0.0682,0.3582,-0.0605,2.0999,54.73,21.42,-0.0083,0.016
NARI,,6.19,0.1425,0.3467,0.6347999999999999,0.0037,1.8134000000000001,69.32,111.27,0.027000000000000003,-0.0046
NATR,0.87,0.66,0.0405,0.131,0.45280000000000004,-0.0697,2.0073,60.11,16.54,-0.0084,0.0048
NAVI,1.79,0.48,0.0882,0.1986,0.41240000000000004,-0.1641,2.0541,66.62,12.43,0.0008,0.0098
NCBS,0.77,1.94,0.0053,0.024700000000000003,0.1825,-0.03,0.5772999999999999,55.2,71.5,0.0007000000000000001,0.009000000000000001
NDAQ,0.84,3.17,0.0125,0.0695,0.1353,-0.019299999999999998,0.9898,59.22,142.59,-0.0086,0.0017000000000000001
NEO,0.73,2.42,0.0197,0.0537,0.39640000000000003,-0.050199999999999995,1.6869,55.7,55.0,0.0036,0.022400000000000003
NEOG,0.46,2.6,0.0282,0.0665,0.1508,-0.016,0.7570999999999999,60.29,85.94,0.0111,0.0097
NESR,0.95,0.54,0.1025,0.17489999999999997,0.5624,-0.0282,1.8984999999999999,68.81,11.71,-0.020099999999999996,0.0076
NET,,4.22,0.0668,0.0852,0.7284,-0.0362,4.685,59.12,85.56,0.024700000000000003,0.0055000000000000005
NFLX,0.83,19.77,0.0349,0.0601,0.127,-0.0716,0.8976000000000001,55.54,550.79,-0.0027,0.0002
NGVC,1.29,0.9,0.027200000000000002,0.11259999999999999,0.34009999999999996,-0.1445,2.3735,55.66,16.04,-0.0458,0.0206
NICE,0.8,7.72,0.0034999999999999996,0.0338,0.2248,-0.0613,1.4508,53.51,271.03,-0.0109,0.0029
NIO,,3.74,-0.0353,0.0889,1.2531,-0.15410000000000001,25.8578,52.02,56.67,-0.018500000000000003,0.0024
NIU,,3.29,0.0582,0.3151,0.9773000000000001,-0.1351,6.5395,59.99,45.84,-0.0274,0.003
NKE,0.86,3.26,0.037200000000000004,0.0424,0.2509,-0.0192,1.4184999999999999,60.53,145.11,0.026699999999999998,0.005
NLS,1.87,1.82,0.1112,0.2255,0.6618,-0.128,19.6583,62.8,24.79,-0.0084,-0.013000000000000001
NODK,0.22,0.38,0.0089,0.0075,0.0775,-0.052300000000000006,0.6966,53.9,17.22,0.0123,0.0006
NOMD,0.71,0.6,0.0187,0.0398,0.10210000000000001,-0.0333,0.853,57.56,26.09,0.009300000000000001,0.0031
NOVA,,4.01,0.0149,0.1027,0.7676999999999999,-0.14300000000000002,7.0801,55.82,49.45,0.050300000000000004,0.0070999999999999995
NOW,1.01,18.78,0.0955,0.09720000000000001,0.2751,0.0012,1.4682,64.84,589.73,0.0018,-0.0005
NPK,0.72,2.78,0.0064,0.0384,0.0801,-0.0377,0.4146,53.76,94.21,-0.0181,0.0004
NPTN,1.16,0.51,0.050300000000000004,0.21109999999999998,0.4089,-0.0928,1.5201,64.18,11.73,0.0103,0.0078000000000000005
NSA,0.41,1.06,0.0216,0.0602,0.15410000000000001,-0.0171,0.9420999999999999,59.31,37.56,-0.0116,0.005
NSCO,,0.37,0.0322,0.1609,0.7626000000000001,-0.0764,4.6956999999999995,57.42,7.86,-0.028399999999999998,0.0012
NTES,0.54,4.19,0.0783,0.22440000000000002,0.366,-0.034,1.3325,68.04,124.02,0.0155,-0.0012
NTLA,2.08,6.64,-0.042800000000000005,0.16210000000000002,1.2398,-0.2477,6.539199999999999,53.14,69.21,0.0259,-0.0043
NTRA,1.55,6.53,0.043,0.1487,0.743,-0.0638,6.0581,58.42,119.07,0.0113,0.011200000000000002
NUS,1.32,1.64,0.0461,0.09939999999999999,0.2764,-0.0123,3.8907,63.9,60.18,-0.0105,0.0070999999999999995
NVAX,1.81,20.57,0.8028,1.1244,1.8538,-0.023,45.3546,86.62,290.18,0.023700000000000002,0.009000000000000001
NVCR,1.05,7.75,0.0403,0.09759999999999999,0.6812,-0.0377,2.2931,60.15,175.85,-0.0084,0.0132
NVDA,1.4,16.41,0.0168,0.024300000000000002,0.17,-0.0771,2.0088,54.6,543.64,-0.0097,0.0044
NVEE,1.12,4.01,0.062400000000000004,0.1906,0.6174000000000001,0.0027,2.6111,67.82,97.5,0.0155,0.0078000000000000005
NVMI,1.04,2.8,-0.0124,0.0528,0.3457,-0.0722,1.93,53.1,75.3,-0.021400000000000002,0.0043
NWBI,0.64,0.39,-0.0294,0.022000000000000002,0.21350000000000002,-0.1764,0.5458,49.54,13.17,-0.0127,0.0
NWL,1.02,0.66,0.065,0.1628,0.4694,-0.0075,1.5029,70.41,26.13,-0.0087,0.005
OCFC,0.94,0.65,-0.0365,0.0215,0.1426,-0.2097,0.6238,48.42,18.84,-0.0084,0.0
OCSL,,0.14,0.0482,0.0676,0.2261,0.0059,1.5751,66.15,6.0,0.0152,0.012
OEG,1.41,1.16,0.4335,1.5934,5.4332,-0.225,18.2589,70.59,8.68,-0.0398,-0.0088
OKTA,0.98,8.89,0.08310000000000001,0.107,0.3059,-0.015300000000000001,2.1913,66.71,282.94,0.0024,-0.0048
OM,,2.81,0.0663,0.024900000000000002,0.0574,-0.1825,0.28800000000000003,57.2,54.74,0.0013,0.012199999999999999
ONCT,1.54,0.53,0.1959,0.41450000000000004,1.1473,-0.0668,3.5033999999999996,66.98,6.71,0.0151,0.0123
ONEM,,2.76,0.1631,0.3173,0.6467,-0.0027,2.7267,74.82,55.9,0.0029,0.0129
ONEW,,2.22,0.09300000000000001,0.19879999999999998,0.5616,0.018600000000000002,9.797699999999999,68.36,36.82,0.0431,0.011200000000000002
ONTO,1.26,2.51,0.06559999999999999,0.18780000000000002,0.5832999999999999,-0.0106,1.9503,64.56,59.95,-0.0526,0.0526
OPCH,1.09,0.9,0.0788,0.1907,0.40490000000000004,-0.047400000000000005,2.4652000000000003,67.4,19.89,-0.008,0.0075
OPK,1.92,0.41,0.0886,0.1593,0.381,-0.1808,3.7444,58.04,5.3,0.0192,0.0087
OPRX,0.73,2.71,0.1953,0.4874,1.4747999999999999,-0.0103,6.991499999999999,81.2,51.96,-0.0052,0.0126
OPY,1.13,1.19,0.136,0.18969999999999998,0.5235,-0.0031,1.7257,74.14,37.55,0.016200000000000003,0.0115
ORC,1.34,0.13,0.0317,0.030699999999999998,0.1175,-0.19879999999999998,2.6077999999999997,58.8,5.52,0.0241,0.0
ORGO,1.37,0.79,0.3223,0.7401000000000001,1.7094999999999998,0.0639,4.2544,81.7,12.99,0.0501,0.0181
ORI,0.79,0.48,0.0334,0.0591,0.2072,-0.1374,0.715,60.75,19.34,0.0005,0.0078000000000000005
OSB,,1.67,0.015600000000000001,0.0392,0.4122,-0.06480000000000001,3.8352,53.42,43.13,0.0,0.0
OTEX,0.93,1.02,0.0572,0.0694,0.1362,0.0187,0.6740999999999999,67.37,48.74,-0.0146,0.0395
OTRK,2.48,7.93,0.10210000000000001,0.24789999999999998,0.6514,-0.17670000000000002,8.6187,55.59,82.24,0.0317,0.0104
PACK,,0.95,0.1217,0.3453,0.8820999999999999,-0.1018,2.3421000000000003,72.42,19.05,-0.0042,0.0079
PACW,1.62,1.32,0.055,0.18960000000000002,0.546,-0.1275,1.3652000000000002,62.94,32.74,0.0051,0.0034000000000000002
PANW,1.46,12.07,0.0426,0.11289999999999999,0.43189999999999995,-0.0262,2.0274,60.68,379.85,-0.0085,0.0016
PAR,1.87,3.87,0.1547,0.2437,0.9379000000000001,0.0049,7.218,66.12,79.18,-0.0208,0.028999999999999998
PATK,2.36,3.2,0.0634,0.0911,0.259,-0.0105,3.5251,62.08,75.57,0.0315,0.0054
PAYC,1.4,14.77,0.0634,0.0273,0.2858,-0.0782,1.6571,58.91,434.22,0.0043,0.0098
PB,1.36,1.83,-0.006500000000000001,0.0167,0.1551,-0.0795,0.6478,52.13,69.24,-0.009899999999999999,0.006500000000000001
PCH,1.36,1.93,-0.0102,0.0159,0.1677,-0.0721,1.2295,50.17,49.94,-0.0269,0.0098
PCTY,1.26,8.24,0.0318,0.0256,0.2723,-0.0701,2.0313999999999997,53.58,203.04,-0.0285,-0.0191
PD,,2.36,0.1446,0.26,0.7387999999999999,0.0053,3.4599,77.67,54.99,0.0075,0.01
PDCO,1.63,1.49,-0.0128,0.0141,0.2571,-0.135,1.4671,50.13,31.9,-0.0151,0.0141
PDD,,12.11,0.1265,0.22329999999999997,0.9275,-0.0421,5.4954,65.53,196.16,-0.0068000000000000005,0.0013
PEAK,0.71,0.8,0.0268,0.0233,0.09699999999999999,-0.18969999999999998,0.6371,55.77,30.5,-0.0049,-0.0013
PEN,0.3,14.99,0.0862,0.20929999999999999,0.2525,-0.1746,1.1295,64.35,259.37,0.052300000000000006,0.0055000000000000005
PERI,1.02,1.51,0.413,0.6551,1.6705,0.1445,4.9563,76.76,20.43,0.1195,0.0902
PFC,1.52,1.06,0.08990000000000001,0.19640000000000002,0.5038,-0.0425,1.6257,69.5,28.83,-0.021099999999999997,0.009899999999999999
PFGC,1.6,2.17,0.0574,0.1013,0.4675,-0.0317,6.1201,61.14,52.76,-0.006999999999999999,0.0028000000000000004
PFPT,1.17,4.64,-0.0405,0.029500000000000002,0.12990000000000002,-0.08310000000000001,0.5416,46.12,129.2,-0.0196,0.012199999999999999
PFSI,1.11,2.69,0.0867,0.0647,0.2887,-0.0781,3.9128,60.34,64.53,-0.0072,0.013300000000000001
PGNY,,2.56,0.066,0.1822,0.6418,-0.0105,2.2021,64.04,49.92,0.0038,0.0060999999999999995
PGTI,1.45,0.77,0.0091,0.0816,0.2995,-0.0559,2.2674000000000003,57.27,22.48,0.008100000000000001,0.013600000000000001
PHM,1.41,1.83,0.0699,0.094,0.1796,-0.0418,1.8113,61.7,48.13,0.0143,0.0074
PHR,,2.91,0.1491,0.3086,0.9948999999999999,0.0197,3.6571,75.95,74.56,0.0172,0.0088
PII,2.03,4.54,0.0408,0.1433,0.2432,-0.0809,2.1741,63.65,118.57,-0.0072,0.0036
PINS,,4.38,0.1402,0.1674,0.9123,0.0355,7.1149000000000004,68.58,81.96,-0.0495,0.10779999999999999
PIPR,1.34,3.79,0.008199999999999999,0.0138,0.3197,-0.053399999999999996,2.1603,53.72,100.97,-0.0011,0.0109
PKI,1.16,5.28,-0.0327,0.0040999999999999995,0.2087,-0.10859999999999999,1.3054,47.85,145.03,0.018600000000000002,0.0001
PLAB,0.93,0.41,0.027000000000000003,0.0436,0.0821,-0.2224,0.4549,56.97,12.09,-0.0049,0.0091
PLD,0.79,2.47,0.059699999999999996,0.0768,0.0876,-0.050499999999999996,0.7837000000000001,66.71,106.7,0.0039000000000000003,-0.0011
PLPC,1.04,3.21,0.0154,0.0554,0.2659,-0.068,0.9499,55.9,70.51,0.0131,0.006500000000000001
PLTR,,3.5,0.1348,0.23420000000000002,0.6409999999999999,-0.2433,2.8257999999999996,59.92,34.05,0.04769999999999999,0.013999999999999999
PLUG,1.74,5.81,0.0344,0.5267000000000001,2.4933,-0.1288,24.996,61.27,65.77,-0.046799999999999994,0.0197
PLUS,1.35,3.62,0.0174,0.042800000000000005,0.19079999999999997,-0.0443,1.1559,56.27,91.69,-0.016200000000000003,0.0075
PLXS,1.21,2.85,-0.0085,0.0195,0.1192,-0.0676,1.3037999999999998,52.25,81.0,-0.012199999999999999,0.0123
PMT,1.14,0.48,0.0564,0.0558,0.14529999999999998,-0.2186,4.3114,63.09,18.59,-0.0091,0.0021
PNM,0.54,0.26,0.0055000000000000005,0.0018,0.1107,-0.129,0.8058,57.34,48.9,-0.0012,0.0016
PNR,1.19,1.61,-0.0245,0.0235,0.2064,-0.0698,1.5061000000000002,49.97,55.16,0.0158,0.0059
PODD,0.69,11.2,0.0213,0.0779,0.24600000000000002,-0.057800000000000004,1.3237,56.47,281.17,0.0078000000000000005,0.0036
POOL,0.76,10.25,-0.0216,0.0074,0.1512,-0.10460000000000001,1.2409000000000001,48.18,359.32,0.0009,0.0
PPBI,1.35,1.39,0.0298,0.115,0.4549,-0.0512,1.5793000000000001,61.3,35.93,-0.0129,0.01
PPC,1.08,0.67,0.0634,0.0643,0.1718,-0.2291,0.5007,63.72,21.1,-0.0060999999999999995,0.0105
PRFT,1.57,1.78,0.1635,0.2373,0.46619999999999995,-0.0018,2.2462999999999997,86.82,61.29,0.0039000000000000003,0.0108
PRI,1.44,3.57,0.06309999999999999,0.0787,0.2061,0.0022,1.4038,67.87,147.11,-0.002,0.0052
PRIM,1.31,1.16,0.035699999999999996,0.1198,0.5587,-0.013600000000000001,2.38,62.75,31.84,0.0095,0.009300000000000001
PRMW,1.32,0.53,0.0754,0.0949,0.242,-0.0043,1.7409000000000001,65.14,17.35,0.0064,0.01
PROF,,1.36,0.0947,0.2746,0.6456000000000001,0.0032,3.3017000000000003,64.65,28.09,0.0018,0.0126
PRPL,1.36,2.43,0.0703,0.18460000000000001,0.607,-0.07400000000000001,7.6063,60.17,38.04,0.0552,0.0006
PRTK,1.53,0.41,0.18230000000000002,0.1955,0.4722,-0.0101,2.144,74.02,7.86,0.0168,0.021099999999999997
PRTS,2.66,1.59,0.2709,0.3457,0.6929000000000001,-0.0834,17.3846,65.47,19.12,0.0063,0.0005
PS,,0.41,0.0078000000000000005,0.06860000000000001,0.1329,-0.0639,2.2231,59.56,21.24,0.0134,0.0014000000000000002
PSMT,0.92,2.99,0.025,0.0862,0.3922,-0.0305,1.4156,63.77,99.4,-0.0038,0.0108
PSNL,,4.01,-0.0242,0.0906,0.7343000000000001,-0.2325,8.6089,50.96,41.03,0.0301,0.0143
PTC,1.27,4.74,0.0956,0.1858,0.5534,0.0075,2.2513,68.61,142.73,0.0194,0.0052
PTGX,1.54,1.49,0.0115,0.0138,0.1856,-0.1275,3.2226,52.14,22.38,0.0271,0.0163
PTON,,8.58,-0.036000000000000004,0.059000000000000004,0.6297,-0.1332,7.3785,49.52,148.3,-0.0046,-0.0542
PYPL,1.14,9.47,0.10529999999999999,0.1625,0.413,-0.02,2.2831,68.04,269.44,0.0012,-0.0049
QFIN,,1.17,0.2737,0.4855,0.6498999999999999,-0.024,2.1256,85.63,19.91,-0.0045000000000000005,0.002
QGEN,0.31,1.07,0.0083,0.0417,0.1166,-0.0369,0.5574,54.61,54.03,-0.009399999999999999,-0.0024
QLYS,0.67,6.85,-0.0248,0.0922,0.1703,-0.16260000000000002,0.9669,49.37,124.64,0.011399999999999999,0.0027
QNST,1.05,1.17,0.1188,0.1559,0.6095,-0.0735,3.1806,65.14,24.08,-0.0325,0.018000000000000002
QRTEA,1.92,0.7,0.0828,0.1741,0.7376,-0.04650000000000001,5.7166,63.22,13.12,0.0015,-0.0015
QTRX,,6.41,0.1648,0.4629,1.0863,-0.0611,6.3245000000000005,65.63,79.8,0.0,0.0042
QUOT,0.81,0.39,0.0189,0.0816,0.2253,-0.1001,1.1736,57.64,9.89,0.0060999999999999995,0.0134
RADA,1.01,0.61,0.1007,0.1972,0.6233,-0.0207,4.5415,63.5,11.36,0.0327,0.0073
RADI,,0.58,0.0118,0.0733,0.2647,-0.1213,0.9756,58.97,12.98,-0.0076,0.0062
RAMP,1.24,3.17,0.0089,0.1217,0.46840000000000004,-0.061500000000000006,2.4987,57.59,82.01,0.0126,0.0144
RARE,1.97,8.37,0.1418,0.1416,0.6589,-0.09699999999999999,4.071000000000001,63.76,162.22,0.0313,0.0148
RBBN,1.1,0.42,0.20579999999999998,0.2859,0.8421,0.0085,3.5436,74.36,8.86,-0.0045000000000000005,0.0148
RBNC,1.02,0.83,0.0253,0.0776,0.2924,-0.0667,1.2053,57.98,20.84,0.0131,0.0113
RCII,1.66,2.11,0.0867,0.23579999999999998,0.5821000000000001,0.0108,3.2438,68.92,49.61,0.0344,0.0044
RCUS,,2.46,0.1197,0.2775,0.5537,-0.015300000000000001,3.1117000000000004,67.24,40.5,0.012,0.0134
RDHL,1.63,0.66,0.0764,0.031200000000000002,0.0692,-0.23079999999999998,1.6762000000000001,55.98,8.73,-0.028900000000000002,0.019299999999999998
RESN,2.76,0.69,0.2942,0.9763,1.6740000000000002,0.0571,6.794700000000001,76.59,7.41,0.121,0.0169
REX,1.19,4.49,-0.0062,0.0125,0.17859999999999998,-0.1243,1.5164,51.62,85.08,0.0009,0.0069
REZI,,1.17,0.0148,0.1482,0.8089,-0.0406,5.7285,58.98,25.03,-0.0028000000000000004,0.013300000000000001
RGEN,0.83,8.46,0.0601,0.1295,0.4069,-0.0216,1.8319999999999999,62.44,222.06,0.013999999999999999,0.005
RGNX,1.22,2.51,0.0208,0.07200000000000001,0.2751,-0.1572,1.3130000000000002,56.08,46.33,0.0151,0.0176
RGR,0.35,2.73,-0.0308,0.0095,0.0105,-0.21969999999999998,0.8420000000000001,48.81,66.76,-0.0181,0.0021
RILY,1.28,2.09,0.10529999999999999,0.2576,0.8772,0.020099999999999996,3.1692,73.24,53.85,0.026099999999999998,0.0060999999999999995
RIOT,4.65,3.1,0.0454,0.47869999999999996,2.8394999999999997,-0.20149999999999998,44.7534,59.61,23.38,-0.008100000000000001,0.0212
RMNI,,0.46,0.11630000000000001,0.40979999999999994,0.7206,-0.045899999999999996,2.5586,68.67,7.9,-0.0223,0.0062
ROKU,1.93,19.55,0.0652,0.2365,1.0977,-0.018500000000000003,6.555700000000001,67.57,439.89,0.0105,0.0060999999999999995
RP,1.15,0.64,0.0002,0.0892,0.2995,-0.027999999999999997,1.349,65.5,86.7,0.0012,0.0012
RPRX,,1.95,-0.056600000000000004,0.0034999999999999996,0.0663,-0.1674,0.3517,44.34,47.04,-0.0015,0.0
RTX,1.49,2.04,0.048499999999999995,0.024900000000000002,0.1326,-0.226,0.7768,60.05,72.33,-0.0159,0.0113
RVNC,1.25,1.28,0.016399999999999998,0.0669,0.142,-0.17329999999999998,1.4295,56.79,28.62,0.0,0.0049
RVP,1.97,1.89,0.3271,0.502,1.2156,-0.1167,18.6401,66.18,18.99,0.053200000000000004,0.0118
RXT,,1.36,0.0861,0.1285,0.2007,-0.10640000000000001,0.4597,59.14,22.26,0.0118,0.0138
RYN,0.99,0.83,0.060700000000000004,0.10400000000000001,0.223,0.0051,1.089,71.26,33.34,0.0152,0.0009
SAFE,-0.45,2.53,0.049400000000000006,0.0935,0.2873,-0.009300000000000001,1.034,64.58,79.02,0.0169,0.0067
SAM,0.71,41.82,0.1724,0.175,0.41240000000000004,0.0279,2.8733,71.57,1123.33,0.0349,0.0034000000000000002
SASR,1.13,1.3,0.014499999999999999,0.0767,0.3332,-0.0387,0.9711,58.59,35.48,-0.0028000000000000004,0.0111
SBGI,1.64,1.57,-0.0034999999999999996,0.0542,0.4523,-0.1266,2.0591,52.89,32.35,-0.0012,0.011899999999999999
SBSW,1.79,0.79,0.0504,0.09390000000000001,0.4315,-0.0338,3.8143000000000002,57.31,16.85,0.003,0.0507
SCHN,1.38,1.65,0.0034999999999999996,0.056900000000000006,0.4989,-0.23199999999999998,2.2111,55.48,32.4,0.026000000000000002,0.0128
SCI,0.67,1.13,0.028300000000000002,0.0516,0.18960000000000002,-0.04019999999999999,0.5464,60.58,52.47,0.0044,0.0058
SCPL,,0.86,0.0344,0.1216,0.19870000000000002,-0.0779,1.9708,61.59,17.29,0.0207,0.0101
SDGR,,4.88,0.0819,0.2256,0.4644,-0.0111,2.9071,65.63,99.63,-0.0017000000000000001,0.004699999999999999
SE,,11.92,0.1394,0.25079999999999997,0.7693000000000001,0.042300000000000004,6.2103,69.63,256.76,0.052300000000000006,0.0002
SENEA,0.75,2.03,0.0626,0.030899999999999997,0.0687,-0.1365,0.6568999999999999,56.74,41.49,-0.0429,0.01
SGC,0.85,1.42,0.0519,0.0915,0.3519,-0.099,3.2412,59.83,25.75,0.0098,0.010700000000000001
SGEN,0.98,8.36,0.08929999999999999,0.0623,0.1115,-0.109,1.1046,61.64,190.61,0.1465,0.0051
SGMO,1.82,0.96,-0.0288,0.0461,0.2865,-0.2465,2.0437,50.0,14.64,-0.0040999999999999995,0.0359
SGRY,3.15,2.74,0.12,0.2477,0.8144,-0.1388,8.23,62.46,36.92,-0.0191,0.0075
SHOP,1.56,53.57,0.0924,0.1348,0.3211,0.002,3.218,64.0,1287.75,0.0208,0.0005
SIBN,,1.67,0.0894,0.16010000000000002,0.501,-0.021099999999999997,3.5153,62.96,32.51,-0.0148,0.012
SILC,0.86,1.64,-0.009300000000000001,0.051500000000000004,0.2061,-0.0761,1.1187,54.81,44.35,-0.0085,0.0086
SIMO,1.07,2.36,0.18760000000000002,0.2783,0.3962,0.0126,1.2305,77.23,59.59,0.045599999999999995,0.016
SITM,,8.36,0.0033,0.1507,0.7978000000000001,-0.0868,7.4955,56.75,131.0,-0.005699999999999999,0.0161
SJW,0.36,1.86,0.018799999999999997,0.0173,0.0824,-0.0736,0.5099,55.75,68.85,0.0182,-0.0034999999999999996
SKLZ,,3.28,0.5959,0.9963,2.1116,0.10710000000000001,3.4567,82.78,43.72,0.1671,-0.0392
SLF,1.05,0.91,0.0063,0.044800000000000006,0.1697,-0.0481,0.9581000000000001,57.77,47.72,-0.0058,0.009000000000000001
SLGN,0.75,0.99,0.025,0.0436,0.06,-0.068,0.5293,59.54,37.69,0.0173,0.0032
SLP,-0.02,3.82,0.1045,0.2369,0.3768,-0.0073,2.2788,68.0,85.25,0.012199999999999999,0.0001
SMAR,,3.28,0.0843,0.12619999999999998,0.3837,0.009300000000000001,1.4649,62.46,76.19,0.043,0.0026
SMBK,0.82,0.57,0.0431,0.102,0.3319,-0.0696,0.8995000000000001,66.19,20.99,0.013999999999999999,0.0
SMG,1.19,8.35,0.0452,0.1642,0.4668,-0.053899999999999997,2.1829,66.1,236.53,-0.0009,0.0005
SMMT,,0.57,0.4704,0.6315999999999999,1.2314,0.1487,6.0,83.66,8.96,0.1356,0.022000000000000002
SMPL,0.98,1.11,0.0012,0.0602,0.26940000000000003,-0.1065,1.0327,52.6,28.62,-0.0128,0.0108
SMSI,0.75,0.36,0.2054,0.3284,0.6848000000000001,-0.0139,1.3719999999999999,76.28,7.78,-0.0038,-0.0064
SNAP,1.29,3.5,0.1845,0.2434,1.0155,0.0516,7.0659,69.63,63.64,0.1165,-0.0225
SNBR,2.11,5.59,0.1559,0.3184,1.0161,-0.0155,6.510800000000001,78.21,114.69,0.037200000000000004,-0.0003
SNEX,1.19,2.39,0.047,0.0492,0.14300000000000002,-0.0538,1.2106000000000001,59.43,61.92,-0.0063,0.0083
SNPS,1.08,7.4,0.0352,0.0891,0.2916,-0.025699999999999997,1.6017,60.63,272.92,0.0039000000000000003,0.0066
SNX,1.61,2.84,0.0060999999999999995,0.050499999999999996,0.31379999999999997,-0.0435,2.36,55.75,87.63,-0.009300000000000001,0.0074
SONO,,1.25,0.145,0.2655,0.8813,0.0,3.7112,74.13,31.0,0.009399999999999999,0.0069
SPB,1.94,2.44,0.0426,0.106,0.41609999999999997,-0.0239,3.2251,65.47,82.77,-0.0102,0.035
SPNE,1.2,0.9,0.0449,0.07200000000000001,0.3273,-0.06849999999999999,3.398,57.24,17.68,0.0097,0.0139
SPNS,1.37,1.27,0.038599999999999995,0.1109,0.1594,-0.0552,1.4996,59.12,33.87,0.0006,0.0077
SPT,,3.81,0.17600000000000002,0.3165,0.8648,0.0017000000000000001,5.7438,70.67,71.08,0.042199999999999994,0.0149
SQ,2.58,10.56,0.0681,0.0877,0.5635,-0.0248,6.4352,61.4,240.38,0.01,0.0012
SSB,1.07,3.09,-0.0151,0.019299999999999998,0.2891,-0.0755,0.8835,52.1,76.13,-0.002,0.0118
SSD,1.24,2.83,0.0109,0.053399999999999996,0.1094,-0.054000000000000006,1.1304,56.99,100.17,0.0327,-0.0014000000000000002
SSP,2.01,0.7,0.0406,0.08410000000000001,0.41479999999999995,-0.040999999999999995,1.9664,58.19,15.9,-0.018500000000000003,0.011200000000000002
SSTI,1.52,2.73,0.0621,0.2432,0.6159,-0.0536,1.464,63.2,49.92,0.0167,0.0097
STAA,1.03,5.39,0.2145,0.36920000000000003,0.8737999999999999,0.0364,3.9983,78.2,115.96,0.0381,0.0045000000000000005
STAG,0.9,0.65,0.024300000000000002,0.0277,0.0401,-0.0901,0.7896,57.26,31.39,-0.0025,0.0032
STC,1.04,1.42,-0.0254,0.0015,0.18030000000000002,-0.0989,1.3756,48.36,48.13,0.0182,0.0079
STKL,1.99,0.84,0.172,0.36560000000000004,1.1519,-0.0458,10.8947,72.76,15.82,-0.036000000000000004,0.0074
STNE,,3.79,0.1016,0.1011,0.6074,-0.0174,3.8369,63.3,85.71,0.0256,0.028900000000000002
STRL,1.39,1.13,-0.0108,0.12119999999999999,0.5658,-0.1009,2.2768,55.94,22.02,0.0009,0.0087
STRO,,1.73,0.049400000000000006,0.1746,0.9548000000000001,-0.0616,3.3933,59.92,26.36,0.0325,0.0039000000000000003
STTK,,4.93,0.0636,0.1548,0.3765,-0.1766,1.8458,56.5,49.83,0.008100000000000001,0.0092
STXB,,0.68,0.063,0.1234,0.4324,-0.10279999999999999,1.1618000000000002,63.36,19.37,0.0040999999999999995,-0.0005
STXS,1.54,0.25,0.04019999999999999,0.0449,0.2102,-0.0986,1.9587999999999999,55.72,5.03,0.0,0.002
STZ,1.19,5.58,0.025699999999999997,0.0542,0.20879999999999999,-0.0533,1.1857,59.49,227.93,0.0126,0.0070999999999999995
SUI,0.54,3.5,0.0268,0.025099999999999997,0.046799999999999994,-0.1446,0.5609000000000001,55.74,148.82,0.0074,0.0054
SUMO,,2.95,0.11410000000000001,0.22769999999999999,0.4205,-0.2191,1.167,62.29,36.21,0.0115,-0.0301
SVMK,,1.05,0.0541,0.129,0.2304,0.0051,1.9561000000000002,62.96,27.64,0.0128,0.0149
SWAV,,6.23,0.0207,0.17,0.8089,-0.1121,4.8005,60.54,127.67,0.0278,0.0177
SWKS,1.19,7.75,0.0823,0.159,0.2892,-0.0567,1.6355000000000002,64.09,178.95,-0.0063,0.0055000000000000005
SYKE,0.89,1.29,0.009399999999999999,0.043899999999999995,0.2466,-0.0455,0.8698,57.15,41.36,-0.0014000000000000002,0.013000000000000001
SYRS,2.0,1.14,0.0235,0.1183,0.2084,-0.2109,1.8991,54.98,12.35,0.045700000000000005,0.0137
SYX,0.5,1.37,0.1333,0.24850000000000003,0.8126000000000001,-0.0086,2.3945,82.28,44.96,0.0078000000000000005,0.0060999999999999995
TAL,0.11,3.65,0.10460000000000001,0.1307,0.1496,-0.0481,0.7801,63.28,80.37,0.0118,0.0004
TBBK,1.5,0.75,0.1012,0.252,0.7631999999999999,-0.031200000000000002,4.4582999999999995,73.7,18.34,-0.0097,-0.0011
TBIO,,1.98,0.3306,0.3822,0.7837999999999999,0.1007,3.5471,76.15,30.92,0.1507,0.0064
TDOC,0.22,13.49,0.1331,0.2985,0.39020000000000005,-0.0329,1.7941,72.05,285.03,0.018000000000000002,0.011399999999999999
TEAM,0.83,9.43,0.0516,0.0524,0.2577,-0.024900000000000002,1.2162,58.48,243.8,0.015700000000000002,-0.004
TECH,1.1,14.88,0.1039,0.1747,0.3749,-0.0479,1.4531999999999998,67.5,380.67,-0.0166,0.011399999999999999
TEL,1.38,3.36,0.006999999999999999,0.0524,0.301,-0.0296,1.6339,58.33,128.06,-0.018500000000000003,0.0123
TER,1.35,4.63,-0.041299999999999996,0.0294,0.3749,-0.12050000000000001,1.9419,50.01,126.12,-0.0087,0.013600000000000001
TFC,1.32,1.55,0.034300000000000004,0.07919999999999999,0.2699,-0.0501,1.1945000000000001,60.66,52.69,-0.0215,0.009000000000000001
TGNA,1.25,0.57,0.0999,0.1671,0.3713,-0.0557,0.7992,71.77,17.29,0.0064,0.009399999999999999
TGT,0.99,4.67,-0.0039000000000000003,0.0429,0.2786,-0.0555,1.0945,55.69,188.86,-0.0044,0.0058
THO,2.44,5.35,0.0904,0.1838,0.2473,-0.08349999999999999,2.7489,68.93,121.09,0.0044,0.011000000000000001
TLND,0.82,2.14,0.12240000000000001,0.20199999999999999,0.2961,-0.0421,1.6606999999999998,69.1,48.69,0.0144,0.0046
TME,,1.26,0.0348,0.23129999999999998,0.6087,-0.1106,1.7819999999999998,60.07,25.65,-0.0195,0.0373
TMHC,1.72,1.37,0.0788,0.1002,0.2577,-0.0706,3.5243,60.06,28.91,0.058600000000000006,0.0048
TMO,0.83,13.77,-0.026099999999999998,0.0229,0.16210000000000002,-0.0751,0.9686,48.19,492.56,0.0021,0.0053
TOL,1.58,1.86,0.10099999999999999,0.145,0.3256,-0.0222,3.0376999999999996,69.32,53.62,0.0278,0.0031
TPB,0.58,2.38,0.1606,0.2259,0.6636,-0.0118,2.8501999999999996,76.26,54.25,0.0046,0.010700000000000001
TPC,1.5,0.82,0.052300000000000006,0.163,0.3557,-0.051699999999999996,5.4598,62.81,16.86,0.0187,0.0091
TPRE,1.17,0.28,0.0059,0.023700000000000002,0.1804,-0.1432,0.75,55.51,9.87,0.0,0.013300000000000001
TPVG,1.88,0.32,0.0658,0.1012,0.29309999999999997,-0.0034000000000000002,4.218,74.49,14.5,0.0,0.0083
TPX,1.99,1.01,0.0102,0.050199999999999995,0.32659999999999995,-0.047599999999999996,4.1673,55.44,28.42,-0.0146,0.0073
TRC,0.68,0.46,0.0729,0.1313,0.1816,-0.0012,0.4175,68.76,17.18,-0.0058,0.009300000000000001
TRGP,2.97,1.25,0.0351,0.1007,0.5139,-0.24739999999999998,7.259600000000001,60.71,30.23,-0.0069,0.021099999999999997
TROW,1.18,4.3,0.014499999999999999,0.0506,0.1844,-0.0541,0.9375,57.32,159.86,-0.0098,0.005600000000000001
TRQ,2.09,0.64,0.0548,0.062400000000000004,0.4142,-0.1409,3.1713999999999998,57.87,12.56,0.038900000000000004,0.0
TSCO,1.0,4.8,0.0048,0.0472,0.1124,-0.057999999999999996,1.3713,55.64,151.5,0.0361,-0.0001
TSM,1.0,4.7,0.0146,0.1317,0.557,-0.0613,1.9925,58.56,127.78,-0.0078000000000000005,0.0049
TSN,0.77,1.61,0.0174,0.009399999999999999,0.0666,-0.2181,0.5546,56.3,66.18,-0.0039000000000000003,0.0033
TTC,0.76,1.94,-0.0016,0.0358,0.2314,-0.0375,0.8855,55.7,98.18,0.013600000000000001,0.0064
TTD,2.57,37.06,0.0753,0.009399999999999999,0.5286,-0.121,5.2872,58.2,855.06,-0.008100000000000001,0.009300000000000001
TTEC,0.78,2.92,0.09230000000000001,0.1466,0.5347,0.0040999999999999995,2.3265000000000002,68.37,85.05,0.0161,0.0137
TTGT,0.97,3.09,0.2198,0.41979999999999995,1.0509,0.0483,4.2804,88.78,88.79,0.042699999999999995,0.006999999999999999
TU,0.76,0.31,0.0134,0.0443,0.15960000000000002,-0.0070999999999999995,0.5598,61.23,21.12,0.008100000000000001,0.0048
TUP,3.04,2.1,0.0742,0.06269999999999999,0.8733,-0.0751,30.0348,60.27,35.69,0.0062,0.0149
TWLO,1.5,15.97,0.0676,0.1392,0.5079,-0.0104,4.8784,62.64,400.06,0.001,0.0005
TWTR,0.73,2.25,0.1454,0.1257,0.3851,0.0046,1.839,68.72,56.78,0.005,-0.0002
TXG,,8.92,0.0575,0.1726,0.5509000000000001,-0.0298,2.8036000000000003,63.71,185.54,0.0088,0.011399999999999999
UBSI,1.36,1.28,-0.006500000000000001,0.056100000000000004,0.22399999999999998,-0.0594,0.7478,53.96,34.38,-0.0129,0.0104
UCBI,1.33,1.16,0.0106,0.0955,0.4596,-0.0304,1.109,58.01,31.53,-0.0223,0.0078000000000000005
UCTT,2.03,2.07,0.0999,0.2332,0.6905,-0.0038,2.7506,67.91,44.22,0.0077,0.0083
UFPI,1.46,2.18,0.061,0.0909,0.15130000000000002,-0.0489,1.0932,62.83,61.06,0.0063,0.006999999999999999
UHAL,0.87,15.39,0.0066,0.0592,0.3126,-0.0837,1.1554,56.21,476.46,-0.0495,0.011399999999999999
UMH,1.05,0.42,0.0507,0.0565,0.1612,-0.045599999999999995,0.8436,61.67,15.91,-0.005,0.0101
UNFI,1.47,1.93,0.1162,0.35090000000000005,0.4632,-0.1784,4.288,60.18,26.44,-0.012,0.0269
UPLD,1.0,1.86,0.0593,0.1015,0.3075,-0.009300000000000001,1.4578,62.66,51.0,0.009899999999999999,0.0088
UPWK,,2.79,0.2255,0.3518,1.3997,0.04019999999999999,9.037,73.83,51.59,0.0297,0.0152
UTZ,,0.91,0.0479,0.1099,0.4579,-0.027999999999999997,1.4340000000000002,61.59,23.94,0.024,0.0009
VALE,1.08,0.63,-0.0128,0.029900000000000003,0.42810000000000004,-0.0916,1.7055,52.71,17.26,0.0298,0.0158
VCEL,3.05,2.44,0.1714,0.4561,1.2538,-0.0034000000000000002,5.9587,79.57,47.18,0.0068000000000000005,0.008
VEEV,0.74,8.58,0.0506,0.07490000000000001,0.15869999999999998,-0.0504,1.5243,61.1,298.15,0.0274,0.0007000000000000001
VERI,3.54,3.56,0.11939999999999999,0.3937,1.8156,-0.050300000000000004,35.1967,68.52,44.16,0.0359,0.0083
VFF,,1.11,0.16469999999999999,0.3273,1.2299,0.0027,6.2899,67.49,15.09,0.0128,0.012199999999999999
VGR,1.15,0.46,0.019299999999999998,0.0342,0.1631,-0.09849999999999999,0.5770000000000001,56.06,12.49,-0.005600000000000001,0.008
VIAO,,0.75,0.0301,0.1093,0.2565,-0.0745,1.0469,58.41,14.41,0.0,0.0007000000000000001
VICR,0.8,3.7,-0.0025,0.0472,0.223,-0.0786,2.1377,54.44,95.45,0.0048,0.016200000000000003
VIOT,,0.41,0.0917,0.23870000000000002,0.2619,-0.0909,0.7857,62.74,7.5,0.0,0.0013
VIPS,0.75,1.45,0.1255,0.2126,0.5761999999999999,-0.0265,1.8708,71.06,33.1,-0.019799999999999998,0.005699999999999999
VIRT,-0.28,1.14,0.0637,0.1139,0.145,-0.07139999999999999,0.6698000000000001,60.5,27.64,0.0064,0.0
VIVO,0.56,1.47,0.29719999999999996,0.408,0.5576,0.09179999999999999,4.2668,79.24,29.02,0.1754,0.0453
VLRS,2.75,0.57,0.0828,0.0983,0.6085,-0.0653,3.2857,62.72,12.6,-0.0055000000000000005,0.013600000000000001
VMI,1.2,5.92,0.0434,0.1557,0.5213,-0.0226,1.5716999999999999,67.23,212.42,0.0103,0.008100000000000001
VNET,0.39,2.22,0.0432,0.20350000000000001,0.6688,-0.0733,3.3457999999999997,60.54,40.59,0.013999999999999999,0.0168
VOXX,1.6,2.01,0.10619999999999999,0.4061,1.3795,-0.0705,11.2755,64.97,22.28,-0.0359,0.0248
VRT,,0.66,0.062400000000000004,0.0864,0.2928,-0.0275,3.4,65.4,20.9,0.0097,0.0068000000000000005
VRTS,1.43,9.65,0.0719,0.1336,0.5967,-0.0217,3.3643,63.54,241.65,0.005699999999999999,0.0175
VST,0.92,0.62,0.003,0.0689,0.09880000000000001,-0.1081,0.8628,57.09,21.05,-0.009899999999999999,0.008100000000000001
VSTO,0.52,1.82,0.0437,0.225,0.6411,-0.092,6.0839,62.45,30.39,-0.0527,0.0197
VTOL,1.37,1.52,0.0018,0.011200000000000002,0.3209,-0.24280000000000002,1.5895,52.52,27.19,-0.0124,0.0118
VTRU,,1.09,0.021099999999999997,0.0635,0.106,-0.0765,0.38689999999999997,55.19,15.7,-0.0095,-0.009399999999999999
VUZI,2.3,1.35,0.1241,0.5139,1.6928999999999998,-0.23620000000000002,13.511600000000001,60.65,12.48,-0.025,0.030600000000000002
WBA,0.52,1.62,0.0285,0.1407,0.2228,-0.1024,0.49310000000000004,64.43,49.81,0.0032,0.0077
WD,1.26,4.42,0.0782,0.0941,0.56,-0.09720000000000001,2.89,61.56,95.5,-0.023799999999999998,0.0151
WDAY,1.4,8.69,0.131,0.1436,0.2992,-0.0058,1.4497,70.33,263.95,-0.0009,0.0
WDFC,-0.15,12.84,0.07139999999999999,0.1518,0.4424,-0.0521,1.0872,64.64,315.5,0.0482,0.01
WGO,2.08,3.24,0.067,0.1466,0.2466,-0.037599999999999995,3.2184,63.01,71.46,0.0172,0.011200000000000002
WILC,0.67,1.06,0.128,0.1666,0.355,-0.0242,1.7679,72.37,24.22,-0.0053,0.0129
WIRE,1.12,1.74,0.0254,0.0731,0.2177,-0.0262,0.6338,61.55,62.1,-0.0048,0.012199999999999999
WIX,1.36,10.69,0.0825,0.0766,0.1093,-0.1322,2.608,63.04,277.13,-0.0207,0.0167
WK,1.43,3.57,0.096,0.2096,0.7425,0.0131,3.9219,73.6,108.33,0.0158,0.0
WKHS,3.34,3.79,0.4017,0.6093,1.3511000000000002,-0.0547,29.8821,70.34,40.61,-0.016,-0.0017000000000000001
WORK,,0.49,0.0203,0.0327,0.3204,-0.0206,1.8636000000000001,65.91,43.24,-0.0002,0.0051
WSBC,1.09,1.07,-0.0001,0.024900000000000002,0.2798,-0.12269999999999999,0.7801,53.79,31.08,-0.0051,0.0070999999999999995
WSC,1.71,0.93,0.011200000000000002,0.0999,0.4631,-0.0555,2.4752,58.1,25.89,0.0054,0.0031
WSO,0.71,8.13,-0.0103,0.0364,0.12710000000000002,-0.08529999999999999,0.8217,50.5,242.23,-0.0111,0.008
WST,1.0,7.51,-0.0254,0.0239,0.12369999999999999,-0.0665,1.3396000000000001,47.2,291.35,-0.0008,0.0046
WTM,0.49,28.23,0.044500000000000005,0.07400000000000001,0.1809,-0.0729,0.7212000000000001,60.81,1082.99,0.013300000000000001,0.0068000000000000005
WTRG,0.53,1.09,0.0302,0.031400000000000004,0.1011,-0.11720000000000001,0.5832,61.37,48.13,0.0069,0.0015
WY,1.9,0.94,0.0449,0.06559999999999999,0.2609,-0.0088,1.626,60.28,34.4,0.006999999999999999,0.0059
XENE,1.36,1.09,0.0347,0.1582,0.2987,-0.1252,1.3056999999999999,56.56,16.14,0.0,0.0075
XERS,,0.54,0.3105,0.45130000000000003,0.6363,0.0265,4.1761,75.29,7.35,0.07769999999999999,-0.0159
XLRN,0.41,5.74,0.049800000000000004,0.038900000000000004,0.1917,-0.0604,0.9269,57.25,128.02,-0.008100000000000001,0.0036
XONE,1.91,3.76,0.7779,1.5423,2.4766,-0.047,10.307,82.93,40.14,0.065,0.0464
XP,,1.89,0.12480000000000001,0.1825,0.1929,-0.083,2.1323,67.05,48.55,-0.0043,0.009899999999999999
XPEL,1.4,3.48,0.046,0.1324,0.9872,-0.0805,6.4507,60.11,55.88,0.0253,0.0134
XPER,0.74,0.73,0.0118,0.045899999999999996,0.3607,-0.0362,1.3629,57.02,21.29,0.0042,0.011000000000000001
YALA,,3.1,0.6371,0.9451999999999999,1.5166,0.1066,4.6358,80.61,35.28,0.17600000000000002,0.006999999999999999
YEXT,1.53,0.64,0.0639,0.07629999999999999,0.10060000000000001,-0.133,1.1168,61.63,18.12,0.0083,0.0073
YY,1.01,4.86,0.244,0.3215,0.41850000000000004,-0.0042,1.784,82.32,114.78,0.0203,0.0127
ZI,,3.05,0.21780000000000002,0.2647,0.35969999999999996,-0.0981,0.8839,76.62,58.08,0.0371,-0.0055000000000000005
ZIXI,1.13,0.42,0.1436,0.20309999999999997,0.4371,0.032799999999999996,2.4400999999999997,70.32,9.77,0.08439999999999999,0.0124
ZLAB,1.19,8.79,0.06559999999999999,0.2895,0.8845999999999999,-0.0828,3.1226,63.66,177.52,-0.0040999999999999995,0.0
ZNGA,0.15,0.37,0.0632,0.127,0.1745,-0.037000000000000005,0.8903,64.19,10.68,0.029900000000000003,0.0078000000000000005
ZS,,9.24,0.048499999999999995,0.1336,0.5756,-0.0322,5.1937,60.05,216.78,0.0062,0.008
ZUO,,0.62,0.1091,0.19940000000000002,0.3531,-0.0978,1.5844999999999998,67.12,16.05,0.0178,0.0045000000000000005
